time,class,id,marketId,actor,kind,amount,asset,chainSignature,commitment,prevCommitment
1790133888482,receipt,rcpt_5aaf23ffeb2b9dbf31e2,,alice,vault_credit,,,,5aaf23ffeb2b9dbf31e21dfe1a0eaefd8d92e4771127eb8b7a8e12c6f1bdc5a99e2f369812032bbdb8fb37f1b739cc9a99e52b986a7c4479096c4782c3d1dc72,0000000000000000000000000000000000000000000000000000000000000000
1790133889530,receipt,rcpt_d92c16c4ad2052ce486b,,alice,subaccount_transfer,,,,d92c16c4ad2052ce486bf2f58b24bcb88693fd63e8112a220fdbfac5eecf8c238801db27ad2cfc9bf9d96b2ccb2b29ea6394a2e2586abf941ea4368dcb5e4f4b,5aaf23ffeb2b9dbf31e21dfe1a0eaefd8d92e4771127eb8b7a8e12c6f1bdc5a99e2f369812032bbdb8fb37f1b739cc9a99e52b986a7c4479096c4782c3d1dc72
1790133890372,receipt,rcpt_e859ae4a691978e35149,,alice,subaccount_transfer,,,,e859ae4a691978e35149c5815c9a61859d893fabc078e18eb3a76299d27b01fc852bf7c87795b9f36b7f1adbffdfe830adab4656c242767257dc22f9e8569c5c,d92c16c4ad2052ce486bf2f58b24bcb88693fd63e8112a220fdbfac5eecf8c238801db27ad2cfc9bf9d96b2ccb2b29ea6394a2e2586abf941ea4368dcb5e4f4b
1790133891088,receipt,rcpt_ff2b49557366f99f155e,,alice,internal_transfer,,,,ff2b49557366f99f155e253a919f7ee6e8627ef65109ce3e0cd90d8af7b1fd1d132b3bae68f343907f1b8a6d21bb58940263b1437ca3813bb3cc3f9c4b14695f,e859ae4a691978e35149c5815c9a61859d893fabc078e18eb3a76299d27b01fc852bf7c87795b9f36b7f1adbffdfe830adab4656c242767257dc22f9e8569c5c
1790133892016,receipt,rcpt_8e14bfa3c47550d7cfd4,,alice,internal_transfer,,,,8e14bfa3c47550d7cfd476a8b6142781b3c69b3ec832e0e047da0e4cff61dc9de1347c5bcc5d518eb7deefe1be4dc6cd63cbd9e72fa176c8fa2c1054c0da8c66,ff2b49557366f99f155e253a919f7ee6e8627ef65109ce3e0cd90d8af7b1fd1d132b3bae68f343907f1b8a6d21bb58940263b1437ca3813bb3cc3f9c4b14695f
1790133892843,receipt,rcpt_b38d61ed4cf07309a0b5,,alice,internal_transfer,,,,b38d61ed4cf07309a0b5577d866f7cb3aee5f4ee72e8cf5f42d8f50b3de1cd25b076498567223dc148c195e5c62bc9d709f863df2ae6817a4851545eab0edd23,8e14bfa3c47550d7cfd476a8b6142781b3c69b3ec832e0e047da0e4cff61dc9de1347c5bcc5d518eb7deefe1be4dc6cd63cbd9e72fa176c8fa2c1054c0da8c66
1790133893720,receipt,rcpt_fb86e4a84c55b3a03dbb,,alice,internal_transfer,,,,fb86e4a84c55b3a03dbb1ba370c093e9c7f1ddff1e6ddb36207167530747e55c8c4152cce40416234bdb39e793d24e6d22b9eb30b5f66da0e47f1f575d5e6816,b38d61ed4cf07309a0b5577d866f7cb3aee5f4ee72e8cf5f42d8f50b3de1cd25b076498567223dc148c195e5c62bc9d709f863df2ae6817a4851545eab0edd23
1790133894611,receipt,rcpt_f3fe62e775bf4f1ee5df,,alice,internal_transfer,,,,f3fe62e775bf4f1ee5dfad3009ce2293b78a6b4116c0adf83d22709379ff180ece069e407a09685577264f4a249f9eedfb6ce017ca4c0b901b6e6587ad24245e,fb86e4a84c55b3a03dbb1ba370c093e9c7f1ddff1e6ddb36207167530747e55c8c4152cce40416234bdb39e793d24e6d22b9eb30b5f66da0e47f1f575d5e6816
1790133895453,receipt,rcpt_2a5c89326ef2a402f79c,,alice,internal_transfer,,,,2a5c89326ef2a402f79ce980b16c5e47a063402a14184300587f6e49b44a3c3ba9097738421a2526989e091455eb9698233de0eabfcb1b09e7b7a0f361403423,f3fe62e775bf4f1ee5dfad3009ce2293b78a6b4116c0adf83d22709379ff180ece069e407a09685577264f4a249f9eedfb6ce017ca4c0b901b6e6587ad24245e
1790133896311,receipt,rcpt_fde09efb161f5faafc0e,,alice,internal_transfer,,,,fde09efb161f5faafc0e468ba13b7f3b94a2c3ae35eb1b6a875d9b734d07316eefb728bdc377297b8299d2fdc2f3ce837bb772a72e53f429d6781478f8e427e4,2a5c89326ef2a402f79ce980b16c5e47a063402a14184300587f6e49b44a3c3ba9097738421a2526989e091455eb9698233de0eabfcb1b09e7b7a0f361403423
1790133897179,receipt,rcpt_65e6434e02bafb04b21d,,alice,internal_transfer,,,,65e6434e02bafb04b21dc97a56188efe1f56a57645fd53e5b09eec0132b2dcd421cc1158e0665182da70cdbd0676bc0de8f9b958baebab8ca11c8b779e78c8d8,fde09efb161f5faafc0e468ba13b7f3b94a2c3ae35eb1b6a875d9b734d07316eefb728bdc377297b8299d2fdc2f3ce837bb772a72e53f429d6781478f8e427e4
1790133898019,receipt,rcpt_c14003f020502f418eb9,,alice,internal_transfer,,,,c14003f020502f418eb95956c2055fe23ec92c4ec45740ccdde9a22fd9bf5b09c5f212eeb37c412840a32d8e348fdd7ba4fd5fc84945202883e94ba113012b84,65e6434e02bafb04b21dc97a56188efe1f56a57645fd53e5b09eec0132b2dcd421cc1158e0665182da70cdbd0676bc0de8f9b958baebab8ca11c8b779e78c8d8
1790133898856,receipt,rcpt_0a48ed98241e94d75ed8,,alice,internal_transfer,,,,0a48ed98241e94d75ed86ef256963a5532d7a7def071e4e328a63b4f57cd93b6c95e36ec62bcc2266010fdd9bf51e967bdf29f2b85e8d54aee2884d6b00b7f44,c14003f020502f418eb95956c2055fe23ec92c4ec45740ccdde9a22fd9bf5b09c5f212eeb37c412840a32d8e348fdd7ba4fd5fc84945202883e94ba113012b84
1790133899731,receipt,rcpt_909871da8d6396885ccb,,alice,internal_transfer,,,,909871da8d6396885ccb7343a19a8270c3502a990f54022ef4dc9823d110b1a35991694c0ce7aa2e6321e0cb5804cc1656988c563c66a7ce92c820f140c64fdb,0a48ed98241e94d75ed86ef256963a5532d7a7def071e4e328a63b4f57cd93b6c95e36ec62bcc2266010fdd9bf51e967bdf29f2b85e8d54aee2884d6b00b7f44
1790133900595,receipt,rcpt_c85db0da210a386f4dee,,alice,internal_transfer,,,,c85db0da210a386f4dee1cd4c3e60a2afcd0d4eaea94ec25a227a83eaeceb511245024bbf8a86e58400ed3063aa29545b296e5e1a636bea10a9375f3b0c636aa,909871da8d6396885ccb7343a19a8270c3502a990f54022ef4dc9823d110b1a35991694c0ce7aa2e6321e0cb5804cc1656988c563c66a7ce92c820f140c64fdb
1790133901415,receipt,rcpt_5c030234d988a7f7cd28,,alice,internal_transfer,,,,5c030234d988a7f7cd28a2b9213e7747f8221b430cdb065abc9269e859565b52ee94c4d43d268b8a38d7360ea458de9f100cefdd36168558354d263627563709,c85db0da210a386f4dee1cd4c3e60a2afcd0d4eaea94ec25a227a83eaeceb511245024bbf8a86e58400ed3063aa29545b296e5e1a636bea10a9375f3b0c636aa
1790133902235,receipt,rcpt_9a9e032ec74f0e8e1561,,alice,internal_transfer,,,,9a9e032ec74f0e8e1561a5e1e331e66a4ec16be1d86091c599844924184e30cac27527d052cf5a2f3943f6820d9ac36f2d90c75acd155797c3b5b999f0538253,5c030234d988a7f7cd28a2b9213e7747f8221b430cdb065abc9269e859565b52ee94c4d43d268b8a38d7360ea458de9f100cefdd36168558354d263627563709
1790133903096,receipt,rcpt_e4cc28302de8e105747f,,alice,internal_transfer,,,,e4cc28302de8e105747ff1e736b510cc233890829ace7d1c846e189c3bf8b583fac2739afe6d6039fd3d8458e63ac685ac016ecfd2f66def1f43d07406b179e1,9a9e032ec74f0e8e1561a5e1e331e66a4ec16be1d86091c599844924184e30cac27527d052cf5a2f3943f6820d9ac36f2d90c75acd155797c3b5b999f0538253
1790133903941,receipt,rcpt_430cb66b1ff5e68389b9,,alice,internal_transfer,,,,430cb66b1ff5e68389b9405468de68be63fdc4e8426c0d3062e909212a2d6bec2edff5189128c849feb598eca4f919b8f623c3307a93fd7fa73ac4439ba3464f,e4cc28302de8e105747ff1e736b510cc233890829ace7d1c846e189c3bf8b583fac2739afe6d6039fd3d8458e63ac685ac016ecfd2f66def1f43d07406b179e1
1790133904854,receipt,rcpt_ee7fdb79a31294bb444c,,alice,internal_transfer,,,,ee7fdb79a31294bb444cf381c61d6b7232caa49aca278d6dae9fa05ee4a219943469a51dd1117aa5eeca547de3650f91aab03b01e5ffc2841f6ca517e3d75de0,430cb66b1ff5e68389b9405468de68be63fdc4e8426c0d3062e909212a2d6bec2edff5189128c849feb598eca4f919b8f623c3307a93fd7fa73ac4439ba3464f
1790133905696,receipt,rcpt_de136402b145b4cd7bdd,,alice,internal_transfer,,,,de136402b145b4cd7bddc1452cdea7c22c502138199f9e3de9e23512594e850e83bd335f6e52971d9d0ac36f572f12f7e8bf23d6b2788bd66517b81677477543,ee7fdb79a31294bb444cf381c61d6b7232caa49aca278d6dae9fa05ee4a219943469a51dd1117aa5eeca547de3650f91aab03b01e5ffc2841f6ca517e3d75de0
1790133906520,receipt,rcpt_4346e682d9d9f4099f01,,alice,internal_transfer,,,,4346e682d9d9f4099f01582b7f1d3e2d04b5d90ff6e6236e71fa56b542f4badec6f931f1381ac94de230d9dc67aee2bb35b7a776e92f11d593cb7a7634d61cbe,de136402b145b4cd7bddc1452cdea7c22c502138199f9e3de9e23512594e850e83bd335f6e52971d9d0ac36f572f12f7e8bf23d6b2788bd66517b81677477543
1790133907358,receipt,rcpt_6503b4930114ba7a9355,,alice,internal_transfer,,,,6503b4930114ba7a9355980fad8420c174e319cf0da0845a84e18449caec37c1566d900ee4ab1337f24aa9b0ab26893d9a991179a20ecfd7c37d81637589d599,4346e682d9d9f4099f01582b7f1d3e2d04b5d90ff6e6236e71fa56b542f4badec6f931f1381ac94de230d9dc67aee2bb35b7a776e92f11d593cb7a7634d61cbe
1790133908229,receipt,rcpt_33a4a47f8a3c21e2ac0c,,alice,internal_transfer,,,,33a4a47f8a3c21e2ac0c470b293cdb200722014bc5ad58e31f555604f0a2ed4b3c9cbf6a69c92242c937bd57356f80478a0a734f8b7a735890a2f9ae668ba426,6503b4930114ba7a9355980fad8420c174e319cf0da0845a84e18449caec37c1566d900ee4ab1337f24aa9b0ab26893d9a991179a20ecfd7c37d81637589d599
1790133909085,receipt,rcpt_f303c491c1a28920a7d1,,alice,internal_transfer,,,,f303c491c1a28920a7d152bf35b416eb08cc7d42214c56093c711728990c6839055fff48ed8ffa20b40ff0cee292623a301ce444503fc12c835114fd9992579d,33a4a47f8a3c21e2ac0c470b293cdb200722014bc5ad58e31f555604f0a2ed4b3c9cbf6a69c92242c937bd57356f80478a0a734f8b7a735890a2f9ae668ba426
1790133909919,receipt,rcpt_2b88a964b96574b970da,,alice,internal_transfer,,,,2b88a964b96574b970da5488597075b96d5fefb2d54ad2ea0d5cc8811cf8770d1743dd48ffd9f20f0062a4f57a2297c9fd7fc3797e708f1c1ea0363c2fb138f7,f303c491c1a28920a7d152bf35b416eb08cc7d42214c56093c711728990c6839055fff48ed8ffa20b40ff0cee292623a301ce444503fc12c835114fd9992579d
1790133910801,receipt,rcpt_1995dc7006b97cf60132,,alice,internal_transfer,,,,1995dc7006b97cf60132dc6e70b92a6966827abd927d47f210cd069359bc114e685b8d167271216ce092e07a9260a0d4a0e600a679b2d5c9f2bb4b0b345a2ea2,2b88a964b96574b970da5488597075b96d5fefb2d54ad2ea0d5cc8811cf8770d1743dd48ffd9f20f0062a4f57a2297c9fd7fc3797e708f1c1ea0363c2fb138f7
1790133911717,receipt,rcpt_2b01adea3c5a261bc896,,alice,internal_transfer,,,,2b01adea3c5a261bc89607d917511c4f6c20e158d799aa9df0edb9ccb3c87953998f768695b84984ec81e4ac152da5727bbe7f7e05e40f423146a83cf3de888c,1995dc7006b97cf60132dc6e70b92a6966827abd927d47f210cd069359bc114e685b8d167271216ce092e07a9260a0d4a0e600a679b2d5c9f2bb4b0b345a2ea2
1790133912597,receipt,rcpt_e19df5c9dc08e4890ed6,,alice,internal_transfer,,,,e19df5c9dc08e4890ed60385e4703970bd1369324f752db12749fee42d965683ccd11d1fb3b74ed414353b1a1cbbc6a3c7cf0ee70f99ce4631f182d8f04f3d96,2b01adea3c5a261bc89607d917511c4f6c20e158d799aa9df0edb9ccb3c87953998f768695b84984ec81e4ac152da5727bbe7f7e05e40f423146a83cf3de888c
1790133913503,receipt,rcpt_90e832f2b6e2ca76d020,,alice,internal_transfer,,,,90e832f2b6e2ca76d0205cad1114809914007d9439ff62a70fd2dc7aca3c13035d972b631920f7d9638b58ef0ba80b439b0449882bf7954d22b10bae15a297ef,e19df5c9dc08e4890ed60385e4703970bd1369324f752db12749fee42d965683ccd11d1fb3b74ed414353b1a1cbbc6a3c7cf0ee70f99ce4631f182d8f04f3d96
1790133914341,receipt,rcpt_15e121d35701c8d1b87a,,alice,internal_transfer,,,,15e121d35701c8d1b87a6e0c5e8001c66e4e773fb40192440a3c5196a7caa6afe0ecd66a3d88b79d7a6aad72b45410cdeaf5b2e067c9b0aef727e16bc467f97f,90e832f2b6e2ca76d0205cad1114809914007d9439ff62a70fd2dc7aca3c13035d972b631920f7d9638b58ef0ba80b439b0449882bf7954d22b10bae15a297ef
1790133915229,receipt,rcpt_f57390d04ec52811a45c,,alice,internal_transfer,,,,f57390d04ec52811a45cc73ceb9d477dda01b4f9ae9a74faa7bf60bb6c5135c643fc19d39a24fd9ca700e265014f37638f1b455ab79b642ef6ef4d6adfe12517,15e121d35701c8d1b87a6e0c5e8001c66e4e773fb40192440a3c5196a7caa6afe0ecd66a3d88b79d7a6aad72b45410cdeaf5b2e067c9b0aef727e16bc467f97f
1790133916085,receipt,rcpt_9ba5e25346b44faae312,,alice,internal_transfer,,,,9ba5e25346b44faae312423ab4038dc973093b2aa87e16a04c4b469b8b9638664bd4ef971b0136727e7a3ce4df28d2cbcf88839d3b211fbd2fd241dc5af15311,f57390d04ec52811a45cc73ceb9d477dda01b4f9ae9a74faa7bf60bb6c5135c643fc19d39a24fd9ca700e265014f37638f1b455ab79b642ef6ef4d6adfe12517
1790133916916,receipt,rcpt_c609e17a42b2b1ea8808,,alice,internal_transfer,,,,c609e17a42b2b1ea880849e39c67d920d46d6370e4a5c49524722d3d5ea3d72ad66aa66bc2914d7b466301347835f530211304becda126c20afa0d55ed589ff5,9ba5e25346b44faae312423ab4038dc973093b2aa87e16a04c4b469b8b9638664bd4ef971b0136727e7a3ce4df28d2cbcf88839d3b211fbd2fd241dc5af15311
1790133917736,receipt,rcpt_a1b8965734656f109206,,alice,internal_transfer,,,,a1b8965734656f10920672784b4ee858e88717a81accd11cf452e1c21202b67797c77e6ff238dc86a631658a2c10749edbb30e696391493ac0ce19363daa024a,c609e17a42b2b1ea880849e39c67d920d46d6370e4a5c49524722d3d5ea3d72ad66aa66bc2914d7b466301347835f530211304becda126c20afa0d55ed589ff5
1790133918558,receipt,rcpt_2f738a47e9862131f8a5,,alice,internal_transfer,,,,2f738a47e9862131f8a565e4923c88e8a81422b849e577ee6620ba9f4c19b44974be2f1fe21056b9bc0bbad47d83b552d0e8cd618cce6ab2d4969ef131df3ceb,a1b8965734656f10920672784b4ee858e88717a81accd11cf452e1c21202b67797c77e6ff238dc86a631658a2c10749edbb30e696391493ac0ce19363daa024a
1790133919395,receipt,rcpt_536f3f253e9b7aebebec,,alice,internal_transfer,,,,536f3f253e9b7aebebec94c3ce099438a0b9674b754800ccaf4b235ad4c0635436fb636bf64473569345d62739483b18e011ffbc43f80838a8a8836914088cde,2f738a47e9862131f8a565e4923c88e8a81422b849e577ee6620ba9f4c19b44974be2f1fe21056b9bc0bbad47d83b552d0e8cd618cce6ab2d4969ef131df3ceb
1790133986653,receipt,rcpt_dc7c118d9637e0a6a6a9,,alice,vault_credit,,,,dc7c118d9637e0a6a6a9c2a15dfb0a77ff5bcdf72a25ba814bd32a0742b0a972f33b5f7d7087fe0b418322e09de413f96d80b083af1c9353f0fb9b867eb770fa,536f3f253e9b7aebebec94c3ce099438a0b9674b754800ccaf4b235ad4c0635436fb636bf64473569345d62739483b18e011ffbc43f80838a8a8836914088cde
1790133987487,receipt,rcpt_f87971f9433e47327910,,alice,internal_transfer,,,,f87971f9433e473279103ceb6f82c465eec983a5219e2107443e016c7b44e27160c49f9148e822ef90dcecaa77f063bc3aa712535a39ef8cf27aac6e9a93fa24,dc7c118d9637e0a6a6a9c2a15dfb0a77ff5bcdf72a25ba814bd32a0742b0a972f33b5f7d7087fe0b418322e09de413f96d80b083af1c9353f0fb9b867eb770fa
1790133988244,receipt,rcpt_b5e5c2dd8d3e2507987e,,alice,internal_transfer,,,,b5e5c2dd8d3e2507987eee63a4ac88982b1c66fa1387af444e5a1d14a753d31d94895bcbdccd3ffc4a4cd14d80709b0695e61e5999cf345c508b4ed2b5b2fe63,f87971f9433e473279103ceb6f82c465eec983a5219e2107443e016c7b44e27160c49f9148e822ef90dcecaa77f063bc3aa712535a39ef8cf27aac6e9a93fa24
1790133988954,market_trade,mkt_98d320d2c9a7:trade:0,mkt_98d320d2c9a7,alice,YES,20.2,USDC,,,
1790133988961,receipt,rcpt_f6f4f5ead7400aeade0b,,alice,position_transfer,,,,f6f4f5ead7400aeade0be37aad3f7034419b82e9486b4d25bd5ac932392f749867b012e9775d02755dc3823baa4334b98cfbd359186b8976a1720f2f89106b32,b5e5c2dd8d3e2507987eee63a4ac88982b1c66fa1387af444e5a1d14a753d31d94895bcbdccd3ffc4a4cd14d80709b0695e61e5999cf345c508b4ed2b5b2fe63
1790133989670,receipt,rcpt_2205c80bffde770cb096,,stocklana:market:mkt_98d320d2c9a7:escrow,internal_transfer,,,,2205c80bffde770cb09680c692ae923e19b1e65e3ad289d8535a3131a8106a0a9bcb8ce5102913ce90a527fd7dc6b63deb1e90ee61b167c52806509b0b7478a8,f6f4f5ead7400aeade0be37aad3f7034419b82e9486b4d25bd5ac932392f749867b012e9775d02755dc3823baa4334b98cfbd359186b8976a1720f2f89106b32
1790134400174,receipt,rcpt_a2c2cfb6bf439752857e,,alice,vault_credit,,,,a2c2cfb6bf439752857edcf46b3970c4805a20eb54788b321113e5e51516ff0c94c4fd4246b0ca9984fc3699df043f17d8a1e73e43983acc99ef8e16282492c8,2205c80bffde770cb09680c692ae923e19b1e65e3ad289d8535a3131a8106a0a9bcb8ce5102913ce90a527fd7dc6b63deb1e90ee61b167c52806509b0b7478a8
1790134401144,receipt,rcpt_42453fa6f76745dc636b,,alice,internal_transfer,,,,42453fa6f76745dc636b80203cc4b5384f083f6f0ecd73aee8625cbcfb2857e7066350396699bbdcb039f7df69c212cdd0b19e7631331aed748b400fd0500490,a2c2cfb6bf439752857edcf46b3970c4805a20eb54788b321113e5e51516ff0c94c4fd4246b0ca9984fc3699df043f17d8a1e73e43983acc99ef8e16282492c8
1790134401913,receipt,rcpt_1e2e71ee9c8e6ec44001,,alice,internal_transfer,,,,1e2e71ee9c8e6ec440011475e99720fcb0dae8079154154892a17807214e05601a997c5b45e6db6a6659c7634e9a0d04655102b44fde547e86e378b2c85f6f9d,42453fa6f76745dc636b80203cc4b5384f083f6f0ecd73aee8625cbcfb2857e7066350396699bbdcb039f7df69c212cdd0b19e7631331aed748b400fd0500490
1790134402678,market_trade,mkt_3113deea1fcd:trade:0,mkt_3113deea1fcd,alice,YES,20.2,USDC,,,
1790134402686,receipt,rcpt_4a37c4b0897b41ed22be,,alice,position_transfer,,,,4a37c4b0897b41ed22be8115f7783eea1203fb1f38d7cd85165e167694b86f902e06273d14e6f196cbb468cd8c2402e791752f35be90fb11600a2c8522e2ebef,1e2e71ee9c8e6ec440011475e99720fcb0dae8079154154892a17807214e05601a997c5b45e6db6a6659c7634e9a0d04655102b44fde547e86e378b2c85f6f9d
1790134403470,receipt,rcpt_37fe4560fa755ab96f61,,stocklana:market:mkt_3113deea1fcd:escrow,internal_transfer,,,,37fe4560fa755ab96f610dd704e065f6839f7614a611d41db3eb7aeacc2f577beae6680ff527245cf03542258caeae1a201a4f282bf489a1a4162619f49bf4f8,4a37c4b0897b41ed22be8115f7783eea1203fb1f38d7cd85165e167694b86f902e06273d14e6f196cbb468cd8c2402e791752f35be90fb11600a2c8522e2ebef
1790134513614,receipt,rcpt_9c190c9fb71fdbf8d9de,,week100_1790134490-liquidity-provider,vault_credit,,,,9c190c9fb71fdbf8d9de04a9a92d01e09d566a0536e362602bb1eae580df88bdfbfb28b32414c11b1cdff5b0ac95cdbf134a9413da5586f1bee39495fd4b1b1d,37fe4560fa755ab96f610dd704e065f6839f7614a611d41db3eb7aeacc2f577beae6680ff527245cf03542258caeae1a201a4f282bf489a1a4162619f49bf4f8
1790134514365,receipt,rcpt_9afff7fc07ffae8cd5c3,,week100_1790134490-liquidity-provider,internal_transfer,,,,9afff7fc07ffae8cd5c306e2363525ce1f36d4c1b79f10b605b3c63c5124b171eb4b77249306649e8fae2808f3f352a22c20415bca94d89da8d320fcd848225c,9c190c9fb71fdbf8d9de04a9a92d01e09d566a0536e362602bb1eae580df88bdfbfb28b32414c11b1cdff5b0ac95cdbf134a9413da5586f1bee39495fd4b1b1d
1790134642078,receipt,rcpt_4808db0199e7442e1bf2,,alice,vault_credit,,,,4808db0199e7442e1bf2e435bd9f276f944a8166d6c0ffb5e3f1cf5abf28fb6d2ca9e8eec79e0d3c1f349d9f1d6cfcd478f8ab55962830391a873563833a48bb,9afff7fc07ffae8cd5c306e2363525ce1f36d4c1b79f10b605b3c63c5124b171eb4b77249306649e8fae2808f3f352a22c20415bca94d89da8d320fcd848225c
1790134642934,receipt,rcpt_fae9067dcccff966f4ec,,alice,internal_transfer,,,,fae9067dcccff966f4ec09a2edc3abae8f8454419e0eca6cf033501ecc533e9fa57d02990a5ac4ff0f4261cd9d38f4966ffd1db667de170d2a917ff38bae384d,4808db0199e7442e1bf2e435bd9f276f944a8166d6c0ffb5e3f1cf5abf28fb6d2ca9e8eec79e0d3c1f349d9f1d6cfcd478f8ab55962830391a873563833a48bb
1790134643659,receipt,rcpt_f32d7df920e6aaedf380,,alice,internal_transfer,,,,f32d7df920e6aaedf3806b84a9689ebdd8dd9120d48a54ebeb27e5e662ed405d67d83abc2f471f7faf22f94e0f335a46aef78ead66ac38bb5507dd1def09e12b,fae9067dcccff966f4ec09a2edc3abae8f8454419e0eca6cf033501ecc533e9fa57d02990a5ac4ff0f4261cd9d38f4966ffd1db667de170d2a917ff38bae384d
1790134644384,market_trade,mkt_c89952f4be66:trade:0,mkt_c89952f4be66,alice,YES,20.2,USDC,,,
1790134644392,receipt,rcpt_9d98451f9035392dd54a,,alice,position_transfer,,,,9d98451f9035392dd54a42acb0601a0369d28760a4a56b3dd9b06638c7cb45b0b96a960557961f81e38fd48d1509a305668933c3049d0ef92ad4c4114d16fbd5,f32d7df920e6aaedf3806b84a9689ebdd8dd9120d48a54ebeb27e5e662ed405d67d83abc2f471f7faf22f94e0f335a46aef78ead66ac38bb5507dd1def09e12b
1790134645138,receipt,rcpt_4e34ee342244a144e2c7,,stocklana:market:mkt_c89952f4be66:escrow,internal_transfer,,,,4e34ee342244a144e2c7c220b07c1e2c257cbc938b1d656f78dc7411a4aaa2e21d2ec8e9361a0e0294697c6a4afab405863c719bee33a627c5c6a669b4e5f248,9d98451f9035392dd54a42acb0601a0369d28760a4a56b3dd9b06638c7cb45b0b96a960557961f81e38fd48d1509a305668933c3049d0ef92ad4c4114d16fbd5
1790134682507,receipt,rcpt_d09e543ffe0bec56c0cd,,regression-001,vault_credit,,,,d09e543ffe0bec56c0cd58d9eb8a8e508a1df8348815b58e8c0239bcdd906e6839676928673c91d2d850cac8c80eb5f7288e6d82199365133f35ee4d6fb753f4,4e34ee342244a144e2c7c220b07c1e2c257cbc938b1d656f78dc7411a4aaa2e21d2ec8e9361a0e0294697c6a4afab405863c719bee33a627c5c6a669b4e5f248
1790134683266,receipt,rcpt_274713b1a89354eb8185,,regression-002,vault_credit,,,,274713b1a89354eb81851d6e9a6192952eb2a00d4842b1dfb4411bf16ab0540ef19d84bf4a531f29d30d36ca6928569cda25a528453e487c0dfbdf942a0a47d9,d09e543ffe0bec56c0cd58d9eb8a8e508a1df8348815b58e8c0239bcdd906e6839676928673c91d2d850cac8c80eb5f7288e6d82199365133f35ee4d6fb753f4
1790134684002,receipt,rcpt_a9f3c7af4fbdf01cf794,,regression-003,vault_credit,,,,a9f3c7af4fbdf01cf794dddd841478d9c533da37dbe9bf9209220f292ab97c5f7a0a6586709895c51c10678f3bce4412103f5fc5aeff30ef219ca0ae88633167,274713b1a89354eb81851d6e9a6192952eb2a00d4842b1dfb4411bf16ab0540ef19d84bf4a531f29d30d36ca6928569cda25a528453e487c0dfbdf942a0a47d9
1790134684787,receipt,rcpt_a3b5c18bdf184b0ca13f,,regression-004,vault_credit,,,,a3b5c18bdf184b0ca13fa6674ff3a83407b4efb984b50ae7ff0202c45c58de5ac0111eae854705862d194997f6e9e7c903f0c2a2fa61700dce807e08eb3a2fb8,a9f3c7af4fbdf01cf794dddd841478d9c533da37dbe9bf9209220f292ab97c5f7a0a6586709895c51c10678f3bce4412103f5fc5aeff30ef219ca0ae88633167
1790134685502,receipt,rcpt_4b807ca6d422c9ea5d4f,,regression-005,vault_credit,,,,4b807ca6d422c9ea5d4f039e8fd6ca3f38455a1422b9e0e443bd0901d3d504fe8a7847db934290e60f23a2903bf5667e9b7f1a13a84ad0d88ff76d9e292752cf,a3b5c18bdf184b0ca13fa6674ff3a83407b4efb984b50ae7ff0202c45c58de5ac0111eae854705862d194997f6e9e7c903f0c2a2fa61700dce807e08eb3a2fb8
1790134686266,receipt,rcpt_566e747b0c98b75248ee,,regression-006,vault_credit,,,,566e747b0c98b75248eef660fec52e5e33ad1e47e4c464b49eefce5e1cd0ec22c029ea22f65fae412809022cea833649afc03ef3dea42b00a5a61b775429aec6,4b807ca6d422c9ea5d4f039e8fd6ca3f38455a1422b9e0e443bd0901d3d504fe8a7847db934290e60f23a2903bf5667e9b7f1a13a84ad0d88ff76d9e292752cf
1790134687050,receipt,rcpt_fdeca45b1288a8f9c2d4,,regression-007,vault_credit,,,,fdeca45b1288a8f9c2d4eb5a4891da1f8dba802c7efe82d7df0fa5fd112c5d8fac4030e0ee9b42f5b747741c68417545cc558e8a9c12af895496be0bc6a38cfe,566e747b0c98b75248eef660fec52e5e33ad1e47e4c464b49eefce5e1cd0ec22c029ea22f65fae412809022cea833649afc03ef3dea42b00a5a61b775429aec6
1790134687816,receipt,rcpt_1457b8641a654973498d,,regression-008,vault_credit,,,,1457b8641a654973498df992d95069290ef093bc48520cdfcfbc8628c68cd6267c3f518d68ed5e6a96ac95035e0275fb25ab76e141331412c156cbcde2b9ad9e,fdeca45b1288a8f9c2d4eb5a4891da1f8dba802c7efe82d7df0fa5fd112c5d8fac4030e0ee9b42f5b747741c68417545cc558e8a9c12af895496be0bc6a38cfe
1790134688561,receipt,rcpt_460c7dd33fbc23536c5f,,regression-009,vault_credit,,,,460c7dd33fbc23536c5fbb54ca91ac019ef1e1a04bca4a11259c3d46f3b4045a3516890c35983187f365cd30f93a154676ea9af6d180e3621a3409f62e6692b7,1457b8641a654973498df992d95069290ef093bc48520cdfcfbc8628c68cd6267c3f518d68ed5e6a96ac95035e0275fb25ab76e141331412c156cbcde2b9ad9e
1790134689326,receipt,rcpt_b51840c66bc385570ed8,,regression-010,vault_credit,,,,b51840c66bc385570ed8f7a38f6ccfeb80caf669fb537bc21c5a4c0d897ba56af116feb44b308fb3f0aadd625488ee414233f430f579d7bce4c183d130edbe1c,460c7dd33fbc23536c5fbb54ca91ac019ef1e1a04bca4a11259c3d46f3b4045a3516890c35983187f365cd30f93a154676ea9af6d180e3621a3409f62e6692b7
1790134690076,receipt,rcpt_d218edcaac0de39b0d7d,,regression-011,vault_credit,,,,d218edcaac0de39b0d7da0b89a24b9c5a0f81730f4f8c439262b4894e93a943b2ceb074063bd5d0f0ab417154c2a9adef2bf610e7195e9a50c2b9eb17f712f6a,b51840c66bc385570ed8f7a38f6ccfeb80caf669fb537bc21c5a4c0d897ba56af116feb44b308fb3f0aadd625488ee414233f430f579d7bce4c183d130edbe1c
1790134690832,receipt,rcpt_51241a2f032e769a5c91,,regression-012,vault_credit,,,,51241a2f032e769a5c917581e3bf972b9ee9bb9cfcfbf366c0003d615cb59a542be8a81f805bd4451d0ca7b3a786e05d7d0b6c5b28d45eb967152fa1f6ab0edc,d218edcaac0de39b0d7da0b89a24b9c5a0f81730f4f8c439262b4894e93a943b2ceb074063bd5d0f0ab417154c2a9adef2bf610e7195e9a50c2b9eb17f712f6a
1790134691556,receipt,rcpt_abe3ecada570b96a559a,,regression-013,vault_credit,,,,abe3ecada570b96a559aebf3b8cb2a005609526d67853e67d3328e777fcecf7b375436448125896c6becdf492588d13655748e24046c46d5c2892e0213d7dc51,51241a2f032e769a5c917581e3bf972b9ee9bb9cfcfbf366c0003d615cb59a542be8a81f805bd4451d0ca7b3a786e05d7d0b6c5b28d45eb967152fa1f6ab0edc
1790134692303,receipt,rcpt_2af8ac55c0a8f5d926f5,,regression-014,vault_credit,,,,2af8ac55c0a8f5d926f5252ce3c123fb857f129df277cce6135958a80a0d2ed48a9ff655d9582441854f80384fe2792da33e47b9949c112e0879b62db7728635,abe3ecada570b96a559aebf3b8cb2a005609526d67853e67d3328e777fcecf7b375436448125896c6becdf492588d13655748e24046c46d5c2892e0213d7dc51
1790134693115,receipt,rcpt_959b6d5044c1c2fe347b,,regression-015,vault_credit,,,,959b6d5044c1c2fe347ba5636b037153f24187ea0a377a7f754ade5a2dc828f5725a213531357c9af474ba5464c3b17fdb5fd83a05cd989f158ae0e69527d5cb,2af8ac55c0a8f5d926f5252ce3c123fb857f129df277cce6135958a80a0d2ed48a9ff655d9582441854f80384fe2792da33e47b9949c112e0879b62db7728635
1790134693824,receipt,rcpt_b53b3509c744f8f43b6e,,regression-016,vault_credit,,,,b53b3509c744f8f43b6ef2f08d44ab56799872fb8849e64a097dd0f98b4b24e8f77a98e82a3df773fdc2b9a7a4276a99e422a6db6c18779c064b007d7dbb97d2,959b6d5044c1c2fe347ba5636b037153f24187ea0a377a7f754ade5a2dc828f5725a213531357c9af474ba5464c3b17fdb5fd83a05cd989f158ae0e69527d5cb
1790134694556,receipt,rcpt_dbb908463d2ad46bdc0b,,regression-017,vault_credit,,,,dbb908463d2ad46bdc0b456ac033dd48585b0d0fc4e9716b5d4dbed976c072d2cc2155c6326ca3d1deca992e1be172d4ab41005f8564af22993f33b49233a2d9,b53b3509c744f8f43b6ef2f08d44ab56799872fb8849e64a097dd0f98b4b24e8f77a98e82a3df773fdc2b9a7a4276a99e422a6db6c18779c064b007d7dbb97d2
1790134695261,receipt,rcpt_8ac2b8b325dc2f8ed806,,regression-018,vault_credit,,,,8ac2b8b325dc2f8ed8066d979564fdf5213d6f9cbf45098d07db4e8a0e5d6eef08068bb1dd8275f5ff1eb6da3a018f829feb3dba477928b04a78fe67b7e61904,dbb908463d2ad46bdc0b456ac033dd48585b0d0fc4e9716b5d4dbed976c072d2cc2155c6326ca3d1deca992e1be172d4ab41005f8564af22993f33b49233a2d9
1790134695980,receipt,rcpt_529e98a5244443407c47,,regression-019,vault_credit,,,,529e98a5244443407c472476bbb1a756eae756c89ada7f41abd3f321382e606b7b20826a4b17391f64eeebb7a32c3e7fa4d802d69021b57d74282c076f6a84a7,8ac2b8b325dc2f8ed8066d979564fdf5213d6f9cbf45098d07db4e8a0e5d6eef08068bb1dd8275f5ff1eb6da3a018f829feb3dba477928b04a78fe67b7e61904
1790134696696,receipt,rcpt_fea9996c8157771c5a67,,regression-020,vault_credit,,,,fea9996c8157771c5a67fc19f3366eb8aaa75bf154382ff99729428cedd8573424fea1a16790c20548b03a9a9a0424b973a5fccb441f2430b92506bf944199a6,529e98a5244443407c472476bbb1a756eae756c89ada7f41abd3f321382e606b7b20826a4b17391f64eeebb7a32c3e7fa4d802d69021b57d74282c076f6a84a7
1790134697393,receipt,rcpt_f6cc8284fbdca13e3762,,regression-021,vault_credit,,,,f6cc8284fbdca13e3762bbad4d62781e5b9ce021667afc7399dee707d0552df7b63468ac6265b7c60e02b288319a9197600c65bf1dc1d1509dc0d92c4c1afcb6,fea9996c8157771c5a67fc19f3366eb8aaa75bf154382ff99729428cedd8573424fea1a16790c20548b03a9a9a0424b973a5fccb441f2430b92506bf944199a6
1790134698124,receipt,rcpt_a5efe43e0d42c7c66257,,regression-022,vault_credit,,,,a5efe43e0d42c7c66257662a78a6983ed2a5f9323c09ea8a2cc10e07154dba65510af0754ec4317677c9a970cae8f21d6e5cd47843e1225abf9301d334cfbafb,f6cc8284fbdca13e3762bbad4d62781e5b9ce021667afc7399dee707d0552df7b63468ac6265b7c60e02b288319a9197600c65bf1dc1d1509dc0d92c4c1afcb6
1790134698862,receipt,rcpt_eef05422b301bfa37144,,regression-023,vault_credit,,,,eef05422b301bfa37144df20d83d5b967aff7d93ea764a11c42694654b92bbec99b57df70f126a3b27ad80aa0e66ff4dc7f53e4393485b69c5661783b0dba627,a5efe43e0d42c7c66257662a78a6983ed2a5f9323c09ea8a2cc10e07154dba65510af0754ec4317677c9a970cae8f21d6e5cd47843e1225abf9301d334cfbafb
1790134699603,receipt,rcpt_aaa37b2909379227f690,,regression-024,vault_credit,,,,aaa37b2909379227f690947692171cc91bb2ed8f84ec0ab482ddd4a63d8d37f7820342496a869a31053ae374aa5035938e1369806764d1879f4bef26f265cea5,eef05422b301bfa37144df20d83d5b967aff7d93ea764a11c42694654b92bbec99b57df70f126a3b27ad80aa0e66ff4dc7f53e4393485b69c5661783b0dba627
1790134700356,receipt,rcpt_80f59446ecab9809f61b,,regression-025,vault_credit,,,,80f59446ecab9809f61bd3baf705d90dd2411c1186394b0ecc42512cb95363480c713bea74a87d0ff60a93ec9ee827111de5819eb8ae2bfebd323356097e023d,aaa37b2909379227f690947692171cc91bb2ed8f84ec0ab482ddd4a63d8d37f7820342496a869a31053ae374aa5035938e1369806764d1879f4bef26f265cea5
1790134701068,receipt,rcpt_cceb8937ae9e5b78f4b6,,regression-026,vault_credit,,,,cceb8937ae9e5b78f4b6008f0e44dd08db4b540e985ccca7099adeef40b83c7353799733c0de522fd69a40d5cf85371fb208822ec6619d358568ba2f4be3e926,80f59446ecab9809f61bd3baf705d90dd2411c1186394b0ecc42512cb95363480c713bea74a87d0ff60a93ec9ee827111de5819eb8ae2bfebd323356097e023d
1790134701768,receipt,rcpt_4546e78c13349367900a,,regression-027,vault_credit,,,,4546e78c13349367900a1a22622f4537294f46b1411f52f95b23e49326fd14f88c1b17911674f6f1f5c38caca44b4815437c9d804e2e95120a8d81c06983dc28,cceb8937ae9e5b78f4b6008f0e44dd08db4b540e985ccca7099adeef40b83c7353799733c0de522fd69a40d5cf85371fb208822ec6619d358568ba2f4be3e926
1790134702483,receipt,rcpt_3aa94b1d4b35a014c5ff,,regression-028,vault_credit,,,,3aa94b1d4b35a014c5ffb2418636381bc1a585842dfced074f7b85a7f7d0724e72d83df86892095d08d9e6eea3d3a47a00d99daefee26f0176d6bfa1ee2fa543,4546e78c13349367900a1a22622f4537294f46b1411f52f95b23e49326fd14f88c1b17911674f6f1f5c38caca44b4815437c9d804e2e95120a8d81c06983dc28
1790134703189,receipt,rcpt_b9bc12fb271f84fed3b1,,regression-029,vault_credit,,,,b9bc12fb271f84fed3b193b5bb9d68d74ae3c3c4b779b04f001b3edea6096add50dee63f44054636028cb1d4b1f265f562928dd8a523c78c28ba1424657dab0a,3aa94b1d4b35a014c5ffb2418636381bc1a585842dfced074f7b85a7f7d0724e72d83df86892095d08d9e6eea3d3a47a00d99daefee26f0176d6bfa1ee2fa543
1790134703901,receipt,rcpt_295fda235f28918ae2e0,,regression-030,vault_credit,,,,295fda235f28918ae2e03276a450dc4a0f208d54aab800bf4a6dbe3dc9cb0220d8df169eed1e0de05eca558d217eb58fd6222498687951ba30eeea2a53785cbd,b9bc12fb271f84fed3b193b5bb9d68d74ae3c3c4b779b04f001b3edea6096add50dee63f44054636028cb1d4b1f265f562928dd8a523c78c28ba1424657dab0a
1790134704627,receipt,rcpt_b9fa210b00b1bae4c448,,regression-031,vault_credit,,,,b9fa210b00b1bae4c448d0cea2bbb155f93d30213c3d901256c72c8443ba3085bf2e2225bdfced0502614de4177f9b0d03bf6f9cf507112b5494b8945698d6b4,295fda235f28918ae2e03276a450dc4a0f208d54aab800bf4a6dbe3dc9cb0220d8df169eed1e0de05eca558d217eb58fd6222498687951ba30eeea2a53785cbd
1790134705347,receipt,rcpt_f29bd29a8218e47425f3,,regression-032,vault_credit,,,,f29bd29a8218e47425f3cc50c35253dac37c55ef9fa60784bada6c65766abd5a9480ea5b198276c8e70c53bbb067dd6ad9f992115f816fba573c07a47f973373,b9fa210b00b1bae4c448d0cea2bbb155f93d30213c3d901256c72c8443ba3085bf2e2225bdfced0502614de4177f9b0d03bf6f9cf507112b5494b8945698d6b4
1790134706087,receipt,rcpt_b2070d7946a4c14a3f9c,,regression-033,vault_credit,,,,b2070d7946a4c14a3f9c28605bb06de6bc7b16a9945b84da6e2799ef889b4317f0053c1e7251741e87be8bb96bb54546b4e28d32578d7bbabc7c84035eb7ad85,f29bd29a8218e47425f3cc50c35253dac37c55ef9fa60784bada6c65766abd5a9480ea5b198276c8e70c53bbb067dd6ad9f992115f816fba573c07a47f973373
1790134706849,receipt,rcpt_2c5b99ee7df6b0154aa6,,regression-034,vault_credit,,,,2c5b99ee7df6b0154aa6cc24ae3fe6f6d81e76233da9d40bca16af362625f539236a60cf29aa9c2e7b057a75375f77158a4e4549fbbe526d7bc072a2a4d838c1,b2070d7946a4c14a3f9c28605bb06de6bc7b16a9945b84da6e2799ef889b4317f0053c1e7251741e87be8bb96bb54546b4e28d32578d7bbabc7c84035eb7ad85
1790134707595,receipt,rcpt_3fdebca84cc4dba64924,,regression-035,vault_credit,,,,3fdebca84cc4dba6492474cf36b05f7cca7fe7e078ff5294e769ca14bd87e2ca0da66d73a3cdd46f8ce8478c70d825e471eba67b974b286a25b3811a80b24ce8,2c5b99ee7df6b0154aa6cc24ae3fe6f6d81e76233da9d40bca16af362625f539236a60cf29aa9c2e7b057a75375f77158a4e4549fbbe526d7bc072a2a4d838c1
1790134708348,receipt,rcpt_54dfc1c52e2173da719f,,regression-036,vault_credit,,,,54dfc1c52e2173da719f565bd53fcfe6102c219f150da8299725bac581c4bf36278d3549a816c59b4ca888385952418f52a0eb13c9aa2b1f022c0edaed0c1876,3fdebca84cc4dba6492474cf36b05f7cca7fe7e078ff5294e769ca14bd87e2ca0da66d73a3cdd46f8ce8478c70d825e471eba67b974b286a25b3811a80b24ce8
1790134709046,receipt,rcpt_be62b448b61e5b37db31,,regression-037,vault_credit,,,,be62b448b61e5b37db31fe6050990826eb0bf2acfd0fcbe2129a9831487cc9c3ad56b74679c08658d1916ae361a6c254d433fec5db892036c65fbb2514ad5ca0,54dfc1c52e2173da719f565bd53fcfe6102c219f150da8299725bac581c4bf36278d3549a816c59b4ca888385952418f52a0eb13c9aa2b1f022c0edaed0c1876
1790134709773,receipt,rcpt_ea61d487bed71da506e1,,regression-038,vault_credit,,,,ea61d487bed71da506e155cf588960e2ccc32b85fd16c25feae534c33f77c4dd9e30619ea1b06aeb57b4fc561721d123ece4b9a4b3a7d7c0afb1afb40e49133c,be62b448b61e5b37db31fe6050990826eb0bf2acfd0fcbe2129a9831487cc9c3ad56b74679c08658d1916ae361a6c254d433fec5db892036c65fbb2514ad5ca0
1790134710496,receipt,rcpt_5b47424a4e7e69e28fc6,,regression-039,vault_credit,,,,5b47424a4e7e69e28fc6331cda84d107976cdb39ce93a92d0ef371c1e3ecff6c0606e9a9b756ce8ecfb7715993a5565f14239dded5bfc423f5f02fd56953bdc5,ea61d487bed71da506e155cf588960e2ccc32b85fd16c25feae534c33f77c4dd9e30619ea1b06aeb57b4fc561721d123ece4b9a4b3a7d7c0afb1afb40e49133c
1790134711225,receipt,rcpt_38a2ff186d84957c96ea,,regression-040,vault_credit,,,,38a2ff186d84957c96ea9357ca98fab50086a388e95e29b439c052b0bb574a013da2a226ced904aa96986ea6b973011f90088ae5eb99bc8617fb6dc90654bbfd,5b47424a4e7e69e28fc6331cda84d107976cdb39ce93a92d0ef371c1e3ecff6c0606e9a9b756ce8ecfb7715993a5565f14239dded5bfc423f5f02fd56953bdc5
1790134711974,receipt,rcpt_b55e523e5d13ef61677d,,regression-041,vault_credit,,,,b55e523e5d13ef61677d3187b19fc68d4cfd9995067f14bb5ddc9b6ac17b36b22b93bdb2a3c5fe7a0f8fef9be8449622798cdd913b07291830e7e8e2e95e9cc1,38a2ff186d84957c96ea9357ca98fab50086a388e95e29b439c052b0bb574a013da2a226ced904aa96986ea6b973011f90088ae5eb99bc8617fb6dc90654bbfd
1790134712692,receipt,rcpt_a1139938727188c2f1aa,,regression-042,vault_credit,,,,a1139938727188c2f1aa314037061f7dc5a7861af34cd221ab7b39e3f4b40f8d22e37612ad746a20242d5170d22e5288119721946d64e5b5f90b2961d7428970,b55e523e5d13ef61677d3187b19fc68d4cfd9995067f14bb5ddc9b6ac17b36b22b93bdb2a3c5fe7a0f8fef9be8449622798cdd913b07291830e7e8e2e95e9cc1
1790134713439,receipt,rcpt_2caf0eb164c85a6a6a7c,,regression-043,vault_credit,,,,2caf0eb164c85a6a6a7c8cdd26fa27fb23016e7c41c365ac193e18bc183d8789f3f8a0bae4b242b6a060751bc59f6cf75c6a7f2a28c8cb4f3b6a397575b039d0,a1139938727188c2f1aa314037061f7dc5a7861af34cd221ab7b39e3f4b40f8d22e37612ad746a20242d5170d22e5288119721946d64e5b5f90b2961d7428970
1790134714175,receipt,rcpt_d255d04b8d0c81d08d71,,regression-044,vault_credit,,,,d255d04b8d0c81d08d71b820edc9de2ba942b4e4cf6250dd1d1a723af197f73d7fc0ecc9245adf0e924a583d12fe0a52e255f14dfbb821eb427b813bb80a8307,2caf0eb164c85a6a6a7c8cdd26fa27fb23016e7c41c365ac193e18bc183d8789f3f8a0bae4b242b6a060751bc59f6cf75c6a7f2a28c8cb4f3b6a397575b039d0
1790134714907,receipt,rcpt_c98f8a675a40837007fd,,regression-045,vault_credit,,,,c98f8a675a40837007fd840474131e249dd5344b89348493f5c3a83a44786fc1e023c0837d256c75b7a3486264d55cb762540f65dc9328fdb27c416b96210ee8,d255d04b8d0c81d08d71b820edc9de2ba942b4e4cf6250dd1d1a723af197f73d7fc0ecc9245adf0e924a583d12fe0a52e255f14dfbb821eb427b813bb80a8307
1790134755201,receipt,rcpt_38c192feae5c7c97e0c3,,alice,vault_credit,,,,38c192feae5c7c97e0c32bc12f02730aaae948fc0e23f538f921f2a805894e7ed47c9ca0779b27f0ff82f400b579924dd3cf04fb44e765bfa26cd44bfced9a0f,c98f8a675a40837007fd840474131e249dd5344b89348493f5c3a83a44786fc1e023c0837d256c75b7a3486264d55cb762540f65dc9328fdb27c416b96210ee8
1790134755737,receipt,rcpt_fa3bcee3a189d7824900,,alice,internal_transfer,,,,fa3bcee3a189d78249009147fdf8c3971f6ead7332b27f3b90b6a60d8b39e5bbf681e605636aa100e2899b32c1ca6bc5318997ffd3c91fd526530ccef4e97bfe,38c192feae5c7c97e0c32bc12f02730aaae948fc0e23f538f921f2a805894e7ed47c9ca0779b27f0ff82f400b579924dd3cf04fb44e765bfa26cd44bfced9a0f
1790134756038,receipt,rcpt_70368bd0698462067335,,alice,internal_transfer,,,,70368bd06984620673357cde8c85dfb2ab124915c1eff683514edebb172fcf9848ce84852eb660ce68ba73eee023236ee0f970f45a25dde3228fd7eaf88a6b84,fa3bcee3a189d78249009147fdf8c3971f6ead7332b27f3b90b6a60d8b39e5bbf681e605636aa100e2899b32c1ca6bc5318997ffd3c91fd526530ccef4e97bfe
1790134756044,market_trade,mkt_49e7157bf68a:trade:0,mkt_49e7157bf68a,alice,YES,20.2,USDC,,,
1790134756054,receipt,rcpt_b8891514829eb9fc19b8,,alice,position_transfer,,,,b8891514829eb9fc19b846740c27f3a3eeee1f328189614af15576aa81094868b636712a6082fe2b9bf36d5f6f4596b07e45d126fc2eb6be313134f6b781a639,70368bd06984620673357cde8c85dfb2ab124915c1eff683514edebb172fcf9848ce84852eb660ce68ba73eee023236ee0f970f45a25dde3228fd7eaf88a6b84
1790134756070,receipt,rcpt_1f3df7432932eef06c5a,,stocklana:market:mkt_49e7157bf68a:escrow,internal_transfer,,,,1f3df7432932eef06c5a8540dd699181ca38f30134d7833fe4c21e40dcd07fef5ae22cbd2e8063899c99b65926ed06a3b77dae85d459338014e15704ef61f7f0,b8891514829eb9fc19b846740c27f3a3eeee1f328189614af15576aa81094868b636712a6082fe2b9bf36d5f6f4596b07e45d126fc2eb6be313134f6b781a639
1790134762737,receipt,rcpt_d90d6b23aaee80e9c0e6,,regression-001,vault_credit,,,,d90d6b23aaee80e9c0e664ebb8db69b975257a96681062450f5babf4f6fbb81dff31c8797fc0f6eb97c9619ab28b77ab942ca351b696327df0cd1936b0d8edb2,1f3df7432932eef06c5a8540dd699181ca38f30134d7833fe4c21e40dcd07fef5ae22cbd2e8063899c99b65926ed06a3b77dae85d459338014e15704ef61f7f0
1790134763035,receipt,rcpt_05c1e105151daffbab83,,regression-002,vault_credit,,,,05c1e105151daffbab833c286bb9dfe5e4c4858c33959d341eae75714db8b608b2a7f934d625e005d231736498b12e91ef79ac4b3cff552dd57505184b846eb5,d90d6b23aaee80e9c0e664ebb8db69b975257a96681062450f5babf4f6fbb81dff31c8797fc0f6eb97c9619ab28b77ab942ca351b696327df0cd1936b0d8edb2
1790134763042,receipt,rcpt_ffb0b9ae3d10be17f9e8,,regression-003,vault_credit,,,,ffb0b9ae3d10be17f9e8b41f0f767f2c228e1ee751ab0a744a2f7d182b0dbee06bc60a9b834b3986916bf398e5013ecc0381e3d94cc53f2e94bc01c0f5742e53,05c1e105151daffbab833c286bb9dfe5e4c4858c33959d341eae75714db8b608b2a7f934d625e005d231736498b12e91ef79ac4b3cff552dd57505184b846eb5
1790134763049,receipt,rcpt_6821a1fdecac20ffa1d9,,regression-004,vault_credit,,,,6821a1fdecac20ffa1d934084977fbd74dbd2030ccd8f63eb98b140c59bf312d8626c3d83168d89199a77aaa8006b6ec48d81f9d9a584acc64a68e9e8b0346a2,ffb0b9ae3d10be17f9e8b41f0f767f2c228e1ee751ab0a744a2f7d182b0dbee06bc60a9b834b3986916bf398e5013ecc0381e3d94cc53f2e94bc01c0f5742e53
1790134763055,receipt,rcpt_c7b80d281ec1bcdd8a05,,regression-005,vault_credit,,,,c7b80d281ec1bcdd8a05ebeb322c573049f6f29ca9bc6d661472cd29aa4657abc200eb9b6cb4ecee6a2d30d8a55772720d8fc2a75ddd839209c854450a2014de,6821a1fdecac20ffa1d934084977fbd74dbd2030ccd8f63eb98b140c59bf312d8626c3d83168d89199a77aaa8006b6ec48d81f9d9a584acc64a68e9e8b0346a2
1790134763062,receipt,rcpt_82214556de0f76255b1c,,regression-006,vault_credit,,,,82214556de0f76255b1c4819be8d8fcada2d7f2cb48736147f70c94b508c6a596b2c37acb4adc637eba352ee34d438d60701d43d132d0e65b88f14bc036bdba8,c7b80d281ec1bcdd8a05ebeb322c573049f6f29ca9bc6d661472cd29aa4657abc200eb9b6cb4ecee6a2d30d8a55772720d8fc2a75ddd839209c854450a2014de
1790134763068,receipt,rcpt_8a46ac8641787df13798,,regression-007,vault_credit,,,,8a46ac8641787df13798270b9c67845720295becfb78b3978a87df519d085ca0511002250bb12c0775196e7b3b89bad8b4237eecbaadc827508e0f221b366d92,82214556de0f76255b1c4819be8d8fcada2d7f2cb48736147f70c94b508c6a596b2c37acb4adc637eba352ee34d438d60701d43d132d0e65b88f14bc036bdba8
1790134763075,receipt,rcpt_abeda142d34822e88ad7,,regression-008,vault_credit,,,,abeda142d34822e88ad702bcd65cc33a29d908c01782fe099f3a80489b8675d6b180356b3809e5d8966354c1c39650d3081aa34aafe985a317b30c220ac8dedd,8a46ac8641787df13798270b9c67845720295becfb78b3978a87df519d085ca0511002250bb12c0775196e7b3b89bad8b4237eecbaadc827508e0f221b366d92
1790134763081,receipt,rcpt_e1a69e6b97f5ee2ffe42,,regression-009,vault_credit,,,,e1a69e6b97f5ee2ffe427c9ca6aaf91c98a7706db1778dff5bbb67a793f7d4ed7bb8ec8a2a0b7831198a91d513fcec2e0bd4f62129a10a91203aa86ab4c1322d,abeda142d34822e88ad702bcd65cc33a29d908c01782fe099f3a80489b8675d6b180356b3809e5d8966354c1c39650d3081aa34aafe985a317b30c220ac8dedd
1790134763087,receipt,rcpt_0e69c20882e82883acbb,,regression-010,vault_credit,,,,0e69c20882e82883acbb7de784bb64f315fa83176f2c0bde193610aca6b7e72104e01ef841f5f136418f9d2e6b2c19be862c9ce1861a591c8f6d09eddc2a4ddc,e1a69e6b97f5ee2ffe427c9ca6aaf91c98a7706db1778dff5bbb67a793f7d4ed7bb8ec8a2a0b7831198a91d513fcec2e0bd4f62129a10a91203aa86ab4c1322d
1790134763094,receipt,rcpt_500fd751863221c9d76a,,regression-011,vault_credit,,,,500fd751863221c9d76af946eab64cc3c83e1a8b0ddd8c7bfd034f6d3f80ca6ca0d8a9bbf3feaa7f7a28fa4486561c51e87f642f118b16fe624d1176e5c19a13,0e69c20882e82883acbb7de784bb64f315fa83176f2c0bde193610aca6b7e72104e01ef841f5f136418f9d2e6b2c19be862c9ce1861a591c8f6d09eddc2a4ddc
1790134763443,receipt,rcpt_2b09d3107fc4eff91f4b,,regression-012,vault_credit,,,,2b09d3107fc4eff91f4b9796952ea402175cd3a01a7683260cbfa050c8588cfaf9505bd084c67661bd33a0b38a84cf8bd542b1cdb12a88fa6ec1bbe2f7f14f2d,500fd751863221c9d76af946eab64cc3c83e1a8b0ddd8c7bfd034f6d3f80ca6ca0d8a9bbf3feaa7f7a28fa4486561c51e87f642f118b16fe624d1176e5c19a13
1790134763450,receipt,rcpt_2881e49eff7291bdeeeb,,regression-013,vault_credit,,,,2881e49eff7291bdeeeb0ce90af6727384b84da329e8b7678954294dc61efdf27389dc43817e78de5685599050e49cf5dbfce941b17869b5cbf5f9d2aba2445f,2b09d3107fc4eff91f4b9796952ea402175cd3a01a7683260cbfa050c8588cfaf9505bd084c67661bd33a0b38a84cf8bd542b1cdb12a88fa6ec1bbe2f7f14f2d
1790134763456,receipt,rcpt_087d68cf8eff6f0817be,,regression-014,vault_credit,,,,087d68cf8eff6f0817beb2ff94df5d55c3dbb56bfa1967362850af5cbe7bde4574e519371a67a0f459d0cc03c214034fc39726880d029248a1ff94b2640ad1bb,2881e49eff7291bdeeeb0ce90af6727384b84da329e8b7678954294dc61efdf27389dc43817e78de5685599050e49cf5dbfce941b17869b5cbf5f9d2aba2445f
1790134763463,receipt,rcpt_886a2a54c638904fbf2b,,regression-015,vault_credit,,,,886a2a54c638904fbf2b0bd2e009556a5d2085e25a7812d83b612e207e40115b749ece10f1be9d311038c5eb3b5aadc51ce7640504f029467f374199820baf48,087d68cf8eff6f0817beb2ff94df5d55c3dbb56bfa1967362850af5cbe7bde4574e519371a67a0f459d0cc03c214034fc39726880d029248a1ff94b2640ad1bb
1790134763469,receipt,rcpt_cb48d1936bd2e12f270b,,regression-016,vault_credit,,,,cb48d1936bd2e12f270ba4f3a24751107ed24ef3088faddf2b2439acf5ecc936c631d6d273601e61f8d27749edbbc264df64b4260a1a6fa3d6b2082a8f5048e9,886a2a54c638904fbf2b0bd2e009556a5d2085e25a7812d83b612e207e40115b749ece10f1be9d311038c5eb3b5aadc51ce7640504f029467f374199820baf48
1790134763475,receipt,rcpt_052cd4f80003bc9a1876,,regression-017,vault_credit,,,,052cd4f80003bc9a1876239aab6f308186e69b723eb93bd8c76105d1b248e56228e64cbc401190f31365cd323de7145ae441383645c74fec1f5886736572e22e,cb48d1936bd2e12f270ba4f3a24751107ed24ef3088faddf2b2439acf5ecc936c631d6d273601e61f8d27749edbbc264df64b4260a1a6fa3d6b2082a8f5048e9
1790134763484,receipt,rcpt_fb687bd8ecc174ef658e,,regression-018,vault_credit,,,,fb687bd8ecc174ef658ebd7ac3bb1d15f6df021635eb9096593538bd14523d1553d2baff82be9f369cd7ad4588e2d6b58c09e79509ac0c052fca8f107b9c92c0,052cd4f80003bc9a1876239aab6f308186e69b723eb93bd8c76105d1b248e56228e64cbc401190f31365cd323de7145ae441383645c74fec1f5886736572e22e
1790134763490,receipt,rcpt_78e9e92307a196b2fbce,,regression-019,vault_credit,,,,78e9e92307a196b2fbce66b5e142a555c0be4ed5d4d6a53796a1ec7206a2b22fa93c327619bc3a42443761532f30c875aa6f2f70d8e3a38eaae9d9927a8d38a3,fb687bd8ecc174ef658ebd7ac3bb1d15f6df021635eb9096593538bd14523d1553d2baff82be9f369cd7ad4588e2d6b58c09e79509ac0c052fca8f107b9c92c0
1790134763496,receipt,rcpt_56af72caf5eccda6ef95,,regression-020,vault_credit,,,,56af72caf5eccda6ef951eed673e02789677bc3e73702506352f1f4f99d27d4d77d7514ac403a9ec7c81e623b916baecf3279960d50905e00c3023086518efdc,78e9e92307a196b2fbce66b5e142a555c0be4ed5d4d6a53796a1ec7206a2b22fa93c327619bc3a42443761532f30c875aa6f2f70d8e3a38eaae9d9927a8d38a3
1790134763503,receipt,rcpt_fb10d9e01fd36fec704c,,regression-021,vault_credit,,,,fb10d9e01fd36fec704c019e4db9e21a06b2dddc04e67f864f5e6a3948ce44cc8a441c4f9ddda024b556c749ec34630731f7140ea6a38c9998a192cd2b6934c4,56af72caf5eccda6ef951eed673e02789677bc3e73702506352f1f4f99d27d4d77d7514ac403a9ec7c81e623b916baecf3279960d50905e00c3023086518efdc
1790134763509,receipt,rcpt_63ec39c465cfd0d4f6a4,,regression-022,vault_credit,,,,63ec39c465cfd0d4f6a4b4dd32eef34210175cba7153fbc13b8e45ed5cacf83757241498e7b89dd36920534b6f4a98cdc84ec96060e382eb6957784c5a4a17d6,fb10d9e01fd36fec704c019e4db9e21a06b2dddc04e67f864f5e6a3948ce44cc8a441c4f9ddda024b556c749ec34630731f7140ea6a38c9998a192cd2b6934c4
1790134763516,receipt,rcpt_2c6000d17fa767ef9142,,regression-023,vault_credit,,,,2c6000d17fa767ef914253331a5ad68bf9c0e8ef6972eb8c0f607fc2c087e356fff5a11cad8626dffee51891125f33a74390afb8e56d9a466d098020deca0c38,63ec39c465cfd0d4f6a4b4dd32eef34210175cba7153fbc13b8e45ed5cacf83757241498e7b89dd36920534b6f4a98cdc84ec96060e382eb6957784c5a4a17d6
1790134763523,receipt,rcpt_6ed747bcc4ef520bb110,,regression-024,vault_credit,,,,6ed747bcc4ef520bb110de878baebf2db7037ea6c798cbe7dd81a7a781b17425ba3fc3654e622286224bff11fdc59521771a257612ae671efe1533db868ebec2,2c6000d17fa767ef914253331a5ad68bf9c0e8ef6972eb8c0f607fc2c087e356fff5a11cad8626dffee51891125f33a74390afb8e56d9a466d098020deca0c38
1790134763530,receipt,rcpt_722da1534c77a0f532b0,,regression-025,vault_credit,,,,722da1534c77a0f532b08503457f4b04408e46625f4529cb23439c94561d14e54923cf0276fab954353a7ccbf7840195a7095d0a90ebd653a67bb0712f506cf3,6ed747bcc4ef520bb110de878baebf2db7037ea6c798cbe7dd81a7a781b17425ba3fc3654e622286224bff11fdc59521771a257612ae671efe1533db868ebec2
1790134763536,receipt,rcpt_0c2d73b555f56fa2b145,,regression-026,vault_credit,,,,0c2d73b555f56fa2b1451242f1a359613f127ff13b4db277543633d86099d575362be3c2b093192ceb320ce543f06ebf5dd52243b8a600d679edf594885e29cc,722da1534c77a0f532b08503457f4b04408e46625f4529cb23439c94561d14e54923cf0276fab954353a7ccbf7840195a7095d0a90ebd653a67bb0712f506cf3
1790134763543,receipt,rcpt_d1192c3675455112ce91,,regression-027,vault_credit,,,,d1192c3675455112ce91052c8ceca6687116e070c7da77cbc1d1a1aa2412962aa167e3044facb859eb7e4cda0ffc769a6fcc3bbfb163f8ee955d22607d328c64,0c2d73b555f56fa2b1451242f1a359613f127ff13b4db277543633d86099d575362be3c2b093192ceb320ce543f06ebf5dd52243b8a600d679edf594885e29cc
1790134763907,receipt,rcpt_44065429f8f8ae5f84d2,,regression-028,vault_credit,,,,44065429f8f8ae5f84d2540748bc9ec41d3aeea21f5a218eef8b1a75a1dd736e7714bc5e140b3c83ca39e9455a8d5d7cceb0f816ee0495e51c4fe7fc1bac4f24,d1192c3675455112ce91052c8ceca6687116e070c7da77cbc1d1a1aa2412962aa167e3044facb859eb7e4cda0ffc769a6fcc3bbfb163f8ee955d22607d328c64
1790134763914,receipt,rcpt_df97e0e9462053f945a5,,regression-029,vault_credit,,,,df97e0e9462053f945a5909dfea3df1b9e801943f74ac7b2fe78c747183e9bc98da6a937c40cd54feb1747539bfc6b546c270202236b2569fc14132dcf7d4461,44065429f8f8ae5f84d2540748bc9ec41d3aeea21f5a218eef8b1a75a1dd736e7714bc5e140b3c83ca39e9455a8d5d7cceb0f816ee0495e51c4fe7fc1bac4f24
1790134763923,receipt,rcpt_bb4388652ed2cefe8cfa,,regression-030,vault_credit,,,,bb4388652ed2cefe8cfa69c2e431c22057b44b9a85d233bd15f38d144db840dc5bafd5ce8a76d03ae12daf66435ca7e783d6c0e916289b1b3dcb029528607c51,df97e0e9462053f945a5909dfea3df1b9e801943f74ac7b2fe78c747183e9bc98da6a937c40cd54feb1747539bfc6b546c270202236b2569fc14132dcf7d4461
1790134763930,receipt,rcpt_ea63139d18099f287bee,,regression-031,vault_credit,,,,ea63139d18099f287bee206fff2fcb0e985d30ea0833f36dbce5dbd9e43a5d993e565e1bcf5c01bad80ca282b6c2321fcb7b7828d2ab12ea2864f14d70b6929b,bb4388652ed2cefe8cfa69c2e431c22057b44b9a85d233bd15f38d144db840dc5bafd5ce8a76d03ae12daf66435ca7e783d6c0e916289b1b3dcb029528607c51
1790134763936,receipt,rcpt_b02a1ef3747fadf8d1ee,,regression-032,vault_credit,,,,b02a1ef3747fadf8d1ee9d23cad0dea006a7ac2480e94d1dc013a5be78bbef041822978edaed4fc29594fb9992c339488f62376e1e26542cb28567fe6c6b82e8,ea63139d18099f287bee206fff2fcb0e985d30ea0833f36dbce5dbd9e43a5d993e565e1bcf5c01bad80ca282b6c2321fcb7b7828d2ab12ea2864f14d70b6929b
1790134763942,receipt,rcpt_11878dc372414c2d0797,,regression-033,vault_credit,,,,11878dc372414c2d07979c7801dfca4c27fc02a28da4bfa21853e1bb11ea3ee2dee8af96ef0781bec362de7d8673e8de91ee11a653e61585ba5e98f19d9f1129,b02a1ef3747fadf8d1ee9d23cad0dea006a7ac2480e94d1dc013a5be78bbef041822978edaed4fc29594fb9992c339488f62376e1e26542cb28567fe6c6b82e8
1790134763949,receipt,rcpt_7c976fe6a26faabe622f,,regression-034,vault_credit,,,,7c976fe6a26faabe622f90ad71c8ae0c3984d5793a344cd43648085dd80cfae28890f2f7729323c255b6648e11682247b1fc65bfc9c7641620af0e3bea3efa71,11878dc372414c2d07979c7801dfca4c27fc02a28da4bfa21853e1bb11ea3ee2dee8af96ef0781bec362de7d8673e8de91ee11a653e61585ba5e98f19d9f1129
1790134763955,receipt,rcpt_15aadb9fa7ee482d2d92,,regression-035,vault_credit,,,,15aadb9fa7ee482d2d929c17ccc93cd278892017818262eab1818887331d313541399287a105a6ffb8eadebf4d6b2bca9272f17b214d9af401bae58f90cc52b9,7c976fe6a26faabe622f90ad71c8ae0c3984d5793a344cd43648085dd80cfae28890f2f7729323c255b6648e11682247b1fc65bfc9c7641620af0e3bea3efa71
1790134763962,receipt,rcpt_415c75ccb2e307ff89ed,,regression-036,vault_credit,,,,415c75ccb2e307ff89ed804737374b55fdfdd29fff4bdd9bfa20d5ab91d66f900e86e6df337816b3a267af6861bc17a4a56cfed5b1656e603f8f0a31c68db298,15aadb9fa7ee482d2d929c17ccc93cd278892017818262eab1818887331d313541399287a105a6ffb8eadebf4d6b2bca9272f17b214d9af401bae58f90cc52b9
1790134763968,receipt,rcpt_4c4f220e6dfe5257439d,,regression-037,vault_credit,,,,4c4f220e6dfe5257439dd1e62eb64c20505ce4a2c09fadd4fdbed0f920dc6431c004385de0ebaf38cac4c2688f8ee499c6a84950364b30f8c15c845fbaf6a2ca,415c75ccb2e307ff89ed804737374b55fdfdd29fff4bdd9bfa20d5ab91d66f900e86e6df337816b3a267af6861bc17a4a56cfed5b1656e603f8f0a31c68db298
1790134763975,receipt,rcpt_4eca4259da3a6d83153c,,regression-038,vault_credit,,,,4eca4259da3a6d83153c09811ef67124f922a8fe28ff50282873d211412149a7a8f0e4f3483396a0b05a919a6467ec247c8c81d84b000775b4dbc59da90b1534,4c4f220e6dfe5257439dd1e62eb64c20505ce4a2c09fadd4fdbed0f920dc6431c004385de0ebaf38cac4c2688f8ee499c6a84950364b30f8c15c845fbaf6a2ca
1790134763981,receipt,rcpt_78dfe02bb3a607e3bb3b,,regression-039,vault_credit,,,,78dfe02bb3a607e3bb3b599ada0ec9b41322b99d63f62f71cba9e788f32454cff8f68c2e61aad961415d5f3ef21329edc789c6fdb297c0fc66633519cff7bbd9,4eca4259da3a6d83153c09811ef67124f922a8fe28ff50282873d211412149a7a8f0e4f3483396a0b05a919a6467ec247c8c81d84b000775b4dbc59da90b1534
1790134763988,receipt,rcpt_a56a7220db2b611e21e6,,regression-040,vault_credit,,,,a56a7220db2b611e21e67c600f198e1bc9e6b9d7c98eeb2956a6ff58e55e46454458e2a260537c8f4bc81a11ff8934fe2c81669704c84951d12e141b17809a00,78dfe02bb3a607e3bb3b599ada0ec9b41322b99d63f62f71cba9e788f32454cff8f68c2e61aad961415d5f3ef21329edc789c6fdb297c0fc66633519cff7bbd9
1790134763994,receipt,rcpt_d669b7fa71e75ccd7482,,regression-041,vault_credit,,,,d669b7fa71e75ccd74823760b979499d3b0bad12dc55977e559607d753efbe7c7120310edfb64373bec44a7d03087c023b675d0924753ccb1428672e3791c9b4,a56a7220db2b611e21e67c600f198e1bc9e6b9d7c98eeb2956a6ff58e55e46454458e2a260537c8f4bc81a11ff8934fe2c81669704c84951d12e141b17809a00
1790134764000,receipt,rcpt_d05628410e16fadac9a1,,regression-042,vault_credit,,,,d05628410e16fadac9a1f2d20f748b5fe1a1754f57a233fa0991b8d20527c1b5cde05c20727a4a22940ab5906c31fe97ff72ea1eb6dc392b23d394459ec2648d,d669b7fa71e75ccd74823760b979499d3b0bad12dc55977e559607d753efbe7c7120310edfb64373bec44a7d03087c023b675d0924753ccb1428672e3791c9b4
1790134764007,receipt,rcpt_aee119e9bccec748c388,,regression-043,vault_credit,,,,aee119e9bccec748c388e087bc26cd419e441da36b48402056e675ce1f7390eb28f87261ec115d0d23e4ee03f5fd9b11212a33a73399ce248e2d369d9a179a99,d05628410e16fadac9a1f2d20f748b5fe1a1754f57a233fa0991b8d20527c1b5cde05c20727a4a22940ab5906c31fe97ff72ea1eb6dc392b23d394459ec2648d
1790134764348,receipt,rcpt_4c3266686d3f378eb392,,regression-044,vault_credit,,,,4c3266686d3f378eb392d4268ffc44098a5d2552db391304a9a1e09211fb29b886e36a6090f22ec8f376355df955abbd6bf44ae9a8de0eb0684874f1e6cf7a82,aee119e9bccec748c388e087bc26cd419e441da36b48402056e675ce1f7390eb28f87261ec115d0d23e4ee03f5fd9b11212a33a73399ce248e2d369d9a179a99
1790134764356,receipt,rcpt_e9642e568bcda54a940a,,regression-045,vault_credit,,,,e9642e568bcda54a940aac990a97c848dbbc9afa2544e7e34b554158ab217319e7982ac9c426711f11d708128a647f32f2740289362a1a866c60cbb67e8e9f13,4c3266686d3f378eb392d4268ffc44098a5d2552db391304a9a1e09211fb29b886e36a6090f22ec8f376355df955abbd6bf44ae9a8de0eb0684874f1e6cf7a82
1790134764366,receipt,rcpt_d181bc9d63af7e76aa7e,,regression-046,vault_credit,,,,d181bc9d63af7e76aa7eb5d59b993e609d6055f9e7f47073ed52506184b825c3c0a491878bd14608dc75314448c6118b3fd57d8def42440e5d614ced1051bc02,e9642e568bcda54a940aac990a97c848dbbc9afa2544e7e34b554158ab217319e7982ac9c426711f11d708128a647f32f2740289362a1a866c60cbb67e8e9f13
1790134764373,receipt,rcpt_b2f9b2a74afc16f1faf0,,regression-047,vault_credit,,,,b2f9b2a74afc16f1faf08224fc317d4c8e7544cdc8656b11a7ae9d010fb156421de4c43015396ec0dff544b0a170e3fd8671c75fbaad8791a9a7b1fb3024ca1b,d181bc9d63af7e76aa7eb5d59b993e609d6055f9e7f47073ed52506184b825c3c0a491878bd14608dc75314448c6118b3fd57d8def42440e5d614ced1051bc02
1790134764379,receipt,rcpt_b01bee8a163e1cc4fb12,,regression-048,vault_credit,,,,b01bee8a163e1cc4fb12978c3bb7e81dd4869a4d39c8aa0ff374d28997c4fefed89c969bad729a402bd6bfc44882fb1227c73b76e0c8c6ba7026d509e4fa0092,b2f9b2a74afc16f1faf08224fc317d4c8e7544cdc8656b11a7ae9d010fb156421de4c43015396ec0dff544b0a170e3fd8671c75fbaad8791a9a7b1fb3024ca1b
1790134764388,receipt,rcpt_4c190a7910a7103c7c54,,regression-049,vault_credit,,,,4c190a7910a7103c7c54c7b7b2aefb28bd23c570fabb6b6aeefb45b7af117a6fbf60221fa89497513cf86a0a0a6390d11d1147850a26e41809b3aeb37f2bc375,b01bee8a163e1cc4fb12978c3bb7e81dd4869a4d39c8aa0ff374d28997c4fefed89c969bad729a402bd6bfc44882fb1227c73b76e0c8c6ba7026d509e4fa0092
1790134764395,receipt,rcpt_862df7091de7d5b5e69a,,regression-050,vault_credit,,,,862df7091de7d5b5e69a0a61c3b3be0193f5cfe7786337938eb2598b9986ca4727c6fd76a29eec9f2b166b80d4d9da2b512617e3b435c7f0b51693c3bd01c445,4c190a7910a7103c7c54c7b7b2aefb28bd23c570fabb6b6aeefb45b7af117a6fbf60221fa89497513cf86a0a0a6390d11d1147850a26e41809b3aeb37f2bc375
1790134764401,receipt,rcpt_2e11f3a2bebb1a241f6d,,regression-051,vault_credit,,,,2e11f3a2bebb1a241f6d46059320d3bfd0a948dd34cb0e1c0ff27091d27e51b90e89c0e5d8769e8568033f558c0069aaa9ff2cb62e7b2fe8de13fa03582148cc,862df7091de7d5b5e69a0a61c3b3be0193f5cfe7786337938eb2598b9986ca4727c6fd76a29eec9f2b166b80d4d9da2b512617e3b435c7f0b51693c3bd01c445
1790134764408,receipt,rcpt_0241a48ecedff45f7645,,regression-052,vault_credit,,,,0241a48ecedff45f7645931a99f65f2acf2b5de3c9624c42aa89e731e0c035eb93e9932b4f6044cfec4d470ff4f6b6e4f3399c2d457ba85341653ec6c8b97000,2e11f3a2bebb1a241f6d46059320d3bfd0a948dd34cb0e1c0ff27091d27e51b90e89c0e5d8769e8568033f558c0069aaa9ff2cb62e7b2fe8de13fa03582148cc
1790134764415,receipt,rcpt_f5a3b0209f80ff099b29,,regression-053,vault_credit,,,,f5a3b0209f80ff099b29fac34bfe113549503d6478068740d1dffa532d3c95b040b793cf340a2cb41cade2e4e72a3a3f37c8886c04c98578dbf0c7621ba0a04c,0241a48ecedff45f7645931a99f65f2acf2b5de3c9624c42aa89e731e0c035eb93e9932b4f6044cfec4d470ff4f6b6e4f3399c2d457ba85341653ec6c8b97000
1790134764422,receipt,rcpt_f8cd84fef5009f61de0d,,regression-054,vault_credit,,,,f8cd84fef5009f61de0d17449325c095341d6c9189c60213bbeb2b16377274b67d4fa19a2ee62343348ab83440193a462b274edbb1baeebf2049a0aa7424dc34,f5a3b0209f80ff099b29fac34bfe113549503d6478068740d1dffa532d3c95b040b793cf340a2cb41cade2e4e72a3a3f37c8886c04c98578dbf0c7621ba0a04c
1790134764428,receipt,rcpt_c0b00a2741ba0c59e56d,,regression-055,vault_credit,,,,c0b00a2741ba0c59e56df84631a152059cb9cbda9f50f6fe33536d9834fa086249c5963fea50632202b9b8ce89849eec46ef7d2e4ebce37c5f8847c1d8f23725,f8cd84fef5009f61de0d17449325c095341d6c9189c60213bbeb2b16377274b67d4fa19a2ee62343348ab83440193a462b274edbb1baeebf2049a0aa7424dc34
1790134764435,receipt,rcpt_6708e06598377a286079,,regression-056,vault_credit,,,,6708e06598377a286079881528ac7648bb0cf55f95f408a84630c6ceea02a8f0c1afec9791f4e864b31f97623c0937de9bb4f5d548f8b6c84595ce8251a049ef,c0b00a2741ba0c59e56df84631a152059cb9cbda9f50f6fe33536d9834fa086249c5963fea50632202b9b8ce89849eec46ef7d2e4ebce37c5f8847c1d8f23725
1790134764442,receipt,rcpt_1e386cedce5d0aa838de,,regression-057,vault_credit,,,,1e386cedce5d0aa838deaddcfacfe9dc109956abaf0e8fd81668416a58b39abf31c6974dc719633023d33e99e7051919d1d0dc951a33dbf6053aa02c3389bfb0,6708e06598377a286079881528ac7648bb0cf55f95f408a84630c6ceea02a8f0c1afec9791f4e864b31f97623c0937de9bb4f5d548f8b6c84595ce8251a049ef
1790134764449,receipt,rcpt_1cfbb307930e11e47d5c,,regression-058,vault_credit,,,,1cfbb307930e11e47d5c84a16203fc521f3b6603658bf91bc045889f4fee2defb15e0c73525fd8fab2cc85aedf798966946862e76f396173ec5b95bcd620d724,1e386cedce5d0aa838deaddcfacfe9dc109956abaf0e8fd81668416a58b39abf31c6974dc719633023d33e99e7051919d1d0dc951a33dbf6053aa02c3389bfb0
1790134764456,receipt,rcpt_9fa883c4bfe3fc7c5cc1,,regression-059,vault_credit,,,,9fa883c4bfe3fc7c5cc1fc4c2d5e0dd831930d2ea9dee7769bb19b89809cabd355283884380be8ccc27fc862b5eebe227184fb6b61ffb3bae2118b2c5b2a0ab5,1cfbb307930e11e47d5c84a16203fc521f3b6603658bf91bc045889f4fee2defb15e0c73525fd8fab2cc85aedf798966946862e76f396173ec5b95bcd620d724
1790134764837,receipt,rcpt_fde91fa63c603793c334,,regression-060,vault_credit,,,,fde91fa63c603793c33449231304fade7fb01a99cbe8650ec4b06e45d133c1556b0b32b9a613f09e39d45fed9092e2cfc94017149843f14ebade03ab6ec1ed44,9fa883c4bfe3fc7c5cc1fc4c2d5e0dd831930d2ea9dee7769bb19b89809cabd355283884380be8ccc27fc862b5eebe227184fb6b61ffb3bae2118b2c5b2a0ab5
1790134764845,receipt,rcpt_5dadf3c592627c0ac92b,,regression-061,vault_credit,,,,5dadf3c592627c0ac92ba5ada36b53344e2ea2707b0a4b2f94897984a60c3777bd9d1df8f5bdf1252a4cfd0ae2d2e4cb617c1d6ee82fa68d20980621a15eb78c,fde91fa63c603793c33449231304fade7fb01a99cbe8650ec4b06e45d133c1556b0b32b9a613f09e39d45fed9092e2cfc94017149843f14ebade03ab6ec1ed44
1790134764852,receipt,rcpt_690ba4c7930fa15a71fe,,regression-062,vault_credit,,,,690ba4c7930fa15a71fe0fee7202c866fa60f1159e20cea68d54d105f91f34ad46eb3753b7eab17f6c11dd132d7a5ff16bf5df7191fc05194db5d0299dbb83dc,5dadf3c592627c0ac92ba5ada36b53344e2ea2707b0a4b2f94897984a60c3777bd9d1df8f5bdf1252a4cfd0ae2d2e4cb617c1d6ee82fa68d20980621a15eb78c
1790134764859,receipt,rcpt_d96e9807941a582c2d6c,,regression-063,vault_credit,,,,d96e9807941a582c2d6cc7ae6457c9caa86055121c30d9a6db93bd834178585474325b186d28830efa83568a555d9ae36bff468f563d9c998bbf1e64da3442cf,690ba4c7930fa15a71fe0fee7202c866fa60f1159e20cea68d54d105f91f34ad46eb3753b7eab17f6c11dd132d7a5ff16bf5df7191fc05194db5d0299dbb83dc
1790134764867,receipt,rcpt_db28ec7e445fb38624d2,,regression-064,vault_credit,,,,db28ec7e445fb38624d2d8150f1b9b32c62ce72df9e77c20164539a15c4f5c51560d87c79c315bd7dc0846bb236d5316f9e1170d1dbddf8c315ef216f2f5c52c,d96e9807941a582c2d6cc7ae6457c9caa86055121c30d9a6db93bd834178585474325b186d28830efa83568a555d9ae36bff468f563d9c998bbf1e64da3442cf
1790134764874,receipt,rcpt_7bd134aece8549339efc,,regression-065,vault_credit,,,,7bd134aece8549339efc54d8bd1f788d7a12c6ac4acd8ff282fc69b5fbf1240ce799f1660d159824210f600335052a15ffb72b1f6be24b5d4d4be86d914c0a63,db28ec7e445fb38624d2d8150f1b9b32c62ce72df9e77c20164539a15c4f5c51560d87c79c315bd7dc0846bb236d5316f9e1170d1dbddf8c315ef216f2f5c52c
1790134764882,receipt,rcpt_88685b50f2a8483eba85,,regression-066,vault_credit,,,,88685b50f2a8483eba8513571e0245216a1b30e9869816ecba565380a57e169f815c18aa0e50127224b821737ed3480f6f5d9e50b9e11c607928816d6842b4ec,7bd134aece8549339efc54d8bd1f788d7a12c6ac4acd8ff282fc69b5fbf1240ce799f1660d159824210f600335052a15ffb72b1f6be24b5d4d4be86d914c0a63
1790134764889,receipt,rcpt_0d841e41585c8c8185c0,,regression-067,vault_credit,,,,0d841e41585c8c8185c096430042d4db544c020cfb6029163bebe4b20554cdc25ac84fc41a1879e19b579cb78e910050b44cba9bf7827cf9613a923e2ceddbb0,88685b50f2a8483eba8513571e0245216a1b30e9869816ecba565380a57e169f815c18aa0e50127224b821737ed3480f6f5d9e50b9e11c607928816d6842b4ec
1790134764896,receipt,rcpt_3e5d70ef709c8ef6b36d,,regression-068,vault_credit,,,,3e5d70ef709c8ef6b36da453bc2f6607d5a74a428e706f3dff1c2f0f57aeeade630a19115217d9c3b3b04f045d78ed47456bee92aab59f8cf4d8a7a0b76e4412,0d841e41585c8c8185c096430042d4db544c020cfb6029163bebe4b20554cdc25ac84fc41a1879e19b579cb78e910050b44cba9bf7827cf9613a923e2ceddbb0
1790134764911,receipt,rcpt_ffff92554c9451ff1fe7,,regression-069,vault_credit,,,,ffff92554c9451ff1fe7aa296edfd328ed05ca70acb9e0b4a1faac44b2196e56fbec4f83f7d7721cfa8cfeb59208abbd5f6831b7d74625b0516edf61a4654ca2,3e5d70ef709c8ef6b36da453bc2f6607d5a74a428e706f3dff1c2f0f57aeeade630a19115217d9c3b3b04f045d78ed47456bee92aab59f8cf4d8a7a0b76e4412
1790134764920,receipt,rcpt_9aef65dbf211a6988bce,,regression-070,vault_credit,,,,9aef65dbf211a6988bce7d54da177adc78d186b7a1c2fd043c384ed36b0bf6138849936297f8fabceb2ebf1ce47d8162502eb07ea9cb10d377f1391fd4708709,ffff92554c9451ff1fe7aa296edfd328ed05ca70acb9e0b4a1faac44b2196e56fbec4f83f7d7721cfa8cfeb59208abbd5f6831b7d74625b0516edf61a4654ca2
1790134764928,receipt,rcpt_fb796030ea922d043a93,,regression-071,vault_credit,,,,fb796030ea922d043a93d419d48234801f4f1dea76a45e483d3c33d67fa327ad199e02aee03514ac483722cd02eadb472633b898961feb666e0c5f08ada9f7e6,9aef65dbf211a6988bce7d54da177adc78d186b7a1c2fd043c384ed36b0bf6138849936297f8fabceb2ebf1ce47d8162502eb07ea9cb10d377f1391fd4708709
1790134764936,receipt,rcpt_ad67b3a23862f1c47139,,regression-072,vault_credit,,,,ad67b3a23862f1c47139461968c46bb82325886e82a22582426edc624d63c1199ee0a4a428ed3b72b1bc285ac553b72c5f8082f5bceae5e706f281d3994c9004,fb796030ea922d043a93d419d48234801f4f1dea76a45e483d3c33d67fa327ad199e02aee03514ac483722cd02eadb472633b898961feb666e0c5f08ada9f7e6
1790134764943,receipt,rcpt_ca5007b2f799e9c0aee7,,regression-073,vault_credit,,,,ca5007b2f799e9c0aee73ddaccfcc4871d0ef3997ce695ea0307941123c908d84241acb468c4939a540224ec935fa8ca7ebc3b44362d9b0a2168119c289e0df1,ad67b3a23862f1c47139461968c46bb82325886e82a22582426edc624d63c1199ee0a4a428ed3b72b1bc285ac553b72c5f8082f5bceae5e706f281d3994c9004
1790134764951,receipt,rcpt_ea040b87ce301daa343e,,regression-074,vault_credit,,,,ea040b87ce301daa343e5c3395d00e061ae45e22009a504954d5ff6fee677c0eaaca6bf7f3a20e2428696bbff4539909bede454f3b7104793e33530b4a4bcb68,ca5007b2f799e9c0aee73ddaccfcc4871d0ef3997ce695ea0307941123c908d84241acb468c4939a540224ec935fa8ca7ebc3b44362d9b0a2168119c289e0df1
1790134764958,receipt,rcpt_450d7db35a790340457a,,regression-075,vault_credit,,,,450d7db35a790340457a3500370f05d3f3f84d1a8d8a9c2ce35cb92308e1ce387752f1b9846282822e6ae74b1d721ba42a0dbf62e57825664d32994d776b3c0d,ea040b87ce301daa343e5c3395d00e061ae45e22009a504954d5ff6fee677c0eaaca6bf7f3a20e2428696bbff4539909bede454f3b7104793e33530b4a4bcb68
1790134765307,receipt,rcpt_2a9ba1a8f45b4c6d6352,,regression-076,vault_credit,,,,2a9ba1a8f45b4c6d63526a087b89997658d12886ea9b34269709e7d5834758274152d13a7703b63284840fa17b1d25abd5baef73eb6b383bdd08719698d81ced,450d7db35a790340457a3500370f05d3f3f84d1a8d8a9c2ce35cb92308e1ce387752f1b9846282822e6ae74b1d721ba42a0dbf62e57825664d32994d776b3c0d
1790134765314,receipt,rcpt_50bb0da5c6e7bc656af2,,regression-077,vault_credit,,,,50bb0da5c6e7bc656af2d5114f00a491b2cc0819e455a7e648284475b052c03c961146244469b94097b22130e28cac623ad584660f70e04d6a93f3285821690f,2a9ba1a8f45b4c6d63526a087b89997658d12886ea9b34269709e7d5834758274152d13a7703b63284840fa17b1d25abd5baef73eb6b383bdd08719698d81ced
1790134765322,receipt,rcpt_2cbabdddda43ac822838,,regression-078,vault_credit,,,,2cbabdddda43ac822838facca2f9ab4b7012bf8fcc810fd5a0e2630492110f8833c93fe82200f47ec90145a017549ac6b69b35c472448cdd1fdc26e369ea4e69,50bb0da5c6e7bc656af2d5114f00a491b2cc0819e455a7e648284475b052c03c961146244469b94097b22130e28cac623ad584660f70e04d6a93f3285821690f
1790134765330,receipt,rcpt_336116d16edda1f2ab19,,regression-079,vault_credit,,,,336116d16edda1f2ab1996116adbdf5687d395fb17d8f025fc26059040b8b7b1967bedb4b62886cc9d53c28913ed425f8e70303aeb34cc568b3ca9edfd686bcd,2cbabdddda43ac822838facca2f9ab4b7012bf8fcc810fd5a0e2630492110f8833c93fe82200f47ec90145a017549ac6b69b35c472448cdd1fdc26e369ea4e69
1790134765337,receipt,rcpt_5a5c337e3cf14c10b151,,regression-080,vault_credit,,,,5a5c337e3cf14c10b151a1bade1517c67dd1b9461b8c253ea40574fd035e2c46b3f4910e31690f7b1176de7193d360b246b956444ecf90a053d2089000128123,336116d16edda1f2ab1996116adbdf5687d395fb17d8f025fc26059040b8b7b1967bedb4b62886cc9d53c28913ed425f8e70303aeb34cc568b3ca9edfd686bcd
1790134765345,receipt,rcpt_80f9f31095426a1494b9,,regression-081,vault_credit,,,,80f9f31095426a1494b9694fac1aec9876c08e1ec45460c136e0f3122ca8bf7e56c111c1c8266da8d452b7d1024c249636cb83daec13913f67e3211a79c9e1dd,5a5c337e3cf14c10b151a1bade1517c67dd1b9461b8c253ea40574fd035e2c46b3f4910e31690f7b1176de7193d360b246b956444ecf90a053d2089000128123
1790134765352,receipt,rcpt_b98dd31c1ce8fb0a7878,,regression-082,vault_credit,,,,b98dd31c1ce8fb0a7878c8cde185e5c682641a1d0c0cc7a6672c01530363f68aa5d6f5949e1b7c3c594b17811774a0f0e32daea894c48b8020685b30d6bf839b,80f9f31095426a1494b9694fac1aec9876c08e1ec45460c136e0f3122ca8bf7e56c111c1c8266da8d452b7d1024c249636cb83daec13913f67e3211a79c9e1dd
1790134765360,receipt,rcpt_4a641a7bcb364714f22e,,regression-083,vault_credit,,,,4a641a7bcb364714f22e7e71d06070b79bcf234175e21dc58625327a6e8d18ad3cbae474bd2198c3adceb08745d60ad6dfa78adac1e12a87e637de7e965119a5,b98dd31c1ce8fb0a7878c8cde185e5c682641a1d0c0cc7a6672c01530363f68aa5d6f5949e1b7c3c594b17811774a0f0e32daea894c48b8020685b30d6bf839b
1790134765367,receipt,rcpt_97f40c0baa7abb563c66,,regression-084,vault_credit,,,,97f40c0baa7abb563c662d48c9882eb83c8bb1c6182be049becb57544308cc1d88eef58b192aa5e446c84dc6bb0468f6f9d3a955f164ab0db30e6e60d3921904,4a641a7bcb364714f22e7e71d06070b79bcf234175e21dc58625327a6e8d18ad3cbae474bd2198c3adceb08745d60ad6dfa78adac1e12a87e637de7e965119a5
1790134765375,receipt,rcpt_97e1504e25a3b910eaeb,,regression-085,vault_credit,,,,97e1504e25a3b910eaeb88e50d8a91d6d5fc3a26e530274f0cc6f64e79ec8f8e0cce946c8c4409e190e71ceaf08c75d3566dc7f0f506cc59faca341cad37bd1e,97f40c0baa7abb563c662d48c9882eb83c8bb1c6182be049becb57544308cc1d88eef58b192aa5e446c84dc6bb0468f6f9d3a955f164ab0db30e6e60d3921904
1790134765383,receipt,rcpt_bf67e406874ae2bc9847,,regression-086,vault_credit,,,,bf67e406874ae2bc984796f7ab92775a25800e8c46c4264be7a317dda8bbfd806e437899894c428d154f2558fcf9ab65157997498f0f8ad578139cb42c568605,97e1504e25a3b910eaeb88e50d8a91d6d5fc3a26e530274f0cc6f64e79ec8f8e0cce946c8c4409e190e71ceaf08c75d3566dc7f0f506cc59faca341cad37bd1e
1790134765390,receipt,rcpt_6b501ffdbeb6f090c424,,regression-087,vault_credit,,,,6b501ffdbeb6f090c424b357ac43ef3d38e7c21520530502f2ba16cb214c5ad36f3be82c412b93d5f09346dc9a39bf7af55847123976fb5970f29532efa4f2cb,bf67e406874ae2bc984796f7ab92775a25800e8c46c4264be7a317dda8bbfd806e437899894c428d154f2558fcf9ab65157997498f0f8ad578139cb42c568605
1790134765398,receipt,rcpt_6bc5472f634694f267b8,,regression-088,vault_credit,,,,6bc5472f634694f267b8ca0699c7feec52a4953ac691874754d61e1a2b87bf4d336a0a58b2445af0933c267dc4f6faca504b13efb3a66bcf36fab3bcfc5b970a,6b501ffdbeb6f090c424b357ac43ef3d38e7c21520530502f2ba16cb214c5ad36f3be82c412b93d5f09346dc9a39bf7af55847123976fb5970f29532efa4f2cb
1790134765406,receipt,rcpt_72f7990451655a624af8,,regression-089,vault_credit,,,,72f7990451655a624af808d361908c5575faa7185eba643bcb391a01f7a187994d7bbb75053c16c6fa83868fc5f37a0b343e2f70265b4f35e8def1dd867bad6a,6bc5472f634694f267b8ca0699c7feec52a4953ac691874754d61e1a2b87bf4d336a0a58b2445af0933c267dc4f6faca504b13efb3a66bcf36fab3bcfc5b970a
1790134765414,receipt,rcpt_525f8fa59055d84a5aaa,,regression-090,vault_credit,,,,525f8fa59055d84a5aaa28395da6104bfbb0ea89d710f1ee470721ea89b68a602e0cc14669e81a38dcd53e9c2bb62829b873e3545011653a19a57aa57727ba05,72f7990451655a624af808d361908c5575faa7185eba643bcb391a01f7a187994d7bbb75053c16c6fa83868fc5f37a0b343e2f70265b4f35e8def1dd867bad6a
1790134765421,receipt,rcpt_d76a047f2fc5c913c696,,regression-091,vault_credit,,,,d76a047f2fc5c913c696cac8e3652399fbe71eedf4819f398b450a0ab852617f0750cb95f52f3d186b195ff97cde26342540d8c0e95d8c870c69081fdf854b4e,525f8fa59055d84a5aaa28395da6104bfbb0ea89d710f1ee470721ea89b68a602e0cc14669e81a38dcd53e9c2bb62829b873e3545011653a19a57aa57727ba05
1790134765766,receipt,rcpt_029cda6f21a68eb3edda,,regression-092,vault_credit,,,,029cda6f21a68eb3edda47342ddff10b8d0a59538c57865f7fb8ff0d3485ec79b74c51395c3bb75fb7d3795e6368248d66f201bf98b518cc2be5becf3896e3a2,d76a047f2fc5c913c696cac8e3652399fbe71eedf4819f398b450a0ab852617f0750cb95f52f3d186b195ff97cde26342540d8c0e95d8c870c69081fdf854b4e
1790134765776,receipt,rcpt_c6af986a9cfaed7dca8f,,regression-093,vault_credit,,,,c6af986a9cfaed7dca8f6ca556ee1df6d264ce732a26fbada77366cfda95995e303297f0a7d64fbd9e2bad5bface73ec365f999fd1f96b277d8d57bc6103e124,029cda6f21a68eb3edda47342ddff10b8d0a59538c57865f7fb8ff0d3485ec79b74c51395c3bb75fb7d3795e6368248d66f201bf98b518cc2be5becf3896e3a2
1790134765784,receipt,rcpt_9f73979544e5af047574,,regression-094,vault_credit,,,,9f73979544e5af047574f1005c3d06cb6300476e6a73800d71082e181005934d30480eca5bffb9c4ea771ef609875c3d18e3869a712079e22d552a9260cbcde5,c6af986a9cfaed7dca8f6ca556ee1df6d264ce732a26fbada77366cfda95995e303297f0a7d64fbd9e2bad5bface73ec365f999fd1f96b277d8d57bc6103e124
1790134765793,receipt,rcpt_2147ebbe8523215dd3ce,,regression-095,vault_credit,,,,2147ebbe8523215dd3ce959f161debdb351201a1da51c169ce77d2b026bbb18dd094e199e7faf95692d75a800171b5dd9f2d072ed03b34cce90911f278c836f8,9f73979544e5af047574f1005c3d06cb6300476e6a73800d71082e181005934d30480eca5bffb9c4ea771ef609875c3d18e3869a712079e22d552a9260cbcde5
1790134765801,receipt,rcpt_ea1921fd5db591e4e5d4,,regression-096,vault_credit,,,,ea1921fd5db591e4e5d456839dda554c79de8dd75d6fa9a670f1f0672c744e1725116a4829c6ce31dda968641a69056ae5a63824c8db34c61145db91e77daceb,2147ebbe8523215dd3ce959f161debdb351201a1da51c169ce77d2b026bbb18dd094e199e7faf95692d75a800171b5dd9f2d072ed03b34cce90911f278c836f8
1790134765809,receipt,rcpt_7a37bfcceaa0136b8342,,regression-097,vault_credit,,,,7a37bfcceaa0136b834239e5a63ba9c6ba9f6e6dd3b910caadad7f5aa867218928af0cf0025abf866fcc4c3eaec961ecef65e5511de1a75cd8a27a1c77bc4c4b,ea1921fd5db591e4e5d456839dda554c79de8dd75d6fa9a670f1f0672c744e1725116a4829c6ce31dda968641a69056ae5a63824c8db34c61145db91e77daceb
1790134765817,receipt,rcpt_a5f3d62ea43bb031a7aa,,regression-098,vault_credit,,,,a5f3d62ea43bb031a7aa395436e92fb2aee0933d211bf0d223185269d12ed43c1d635330f7864adb1e7673a2333936d6e134f3c86c3bce5337443bfb795eabfc,7a37bfcceaa0136b834239e5a63ba9c6ba9f6e6dd3b910caadad7f5aa867218928af0cf0025abf866fcc4c3eaec961ecef65e5511de1a75cd8a27a1c77bc4c4b
1790134765826,receipt,rcpt_3e5554fceb95eda7dba2,,regression-099,vault_credit,,,,3e5554fceb95eda7dba2ac74d4b044aff2b757acd2916c429141499dd2e6d54c967f5dcaaa2b0327c1b78714cbfe7b418d83336cfed435f45a31c6291abee495,a5f3d62ea43bb031a7aa395436e92fb2aee0933d211bf0d223185269d12ed43c1d635330f7864adb1e7673a2333936d6e134f3c86c3bce5337443bfb795eabfc
1790134765834,receipt,rcpt_5de058447a178506e59e,,regression-100,vault_credit,,,,5de058447a178506e59ed57fc67320b28c7e17981c1d1c014ce733198ae1012542dc6766bb0efc97084cbb053ad0d410b6f5db34355c93188247cbcf8522d90b,3e5554fceb95eda7dba2ac74d4b044aff2b757acd2916c429141499dd2e6d54c967f5dcaaa2b0327c1b78714cbfe7b418d83336cfed435f45a31c6291abee495
1790134765864,receipt,rcpt_b4697e876464a5929a0f,,week100r-1790134762-lp,vault_credit,,,,b4697e876464a5929a0f775538b6d79ffcc1154b9d7140cc1aa256e614d8b5cfe42043477e48773694269222713cfc044bff7f528f515f1d620d7b8f0a3a764f,5de058447a178506e59ed57fc67320b28c7e17981c1d1c014ce733198ae1012542dc6766bb0efc97084cbb053ad0d410b6f5db34355c93188247cbcf8522d90b
1790134765873,receipt,rcpt_507d343b56ea05d4e9a4,,week100r-1790134762-lp,internal_transfer,,,,507d343b56ea05d4e9a45e975ea2f2d051fa8fcd331a050f48a0d882975926562cb0408230aa689a4e09d9509f8eb4f8a341d36ad2d4ed48de8ef335bc8b122e,b4697e876464a5929a0f775538b6d79ffcc1154b9d7140cc1aa256e614d8b5cfe42043477e48773694269222713cfc044bff7f528f515f1d620d7b8f0a3a764f
1790134766192,receipt,rcpt_95b385fb73e323c6ba26,,regression-008,internal_transfer,,,,95b385fb73e323c6ba2687c9c696dd059924c951eb1f321d12eab54d418b365d2f8075f907f93b995b00c43e542b72b7552a67d55686dd7b0fbf01267089f75c,507d343b56ea05d4e9a45e975ea2f2d051fa8fcd331a050f48a0d882975926562cb0408230aa689a4e09d9509f8eb4f8a341d36ad2d4ed48de8ef335bc8b122e
1790134766491,receipt,rcpt_36fe74a83e24349e7452,,regression-008,internal_transfer,,,,36fe74a83e24349e7452336c88f5669f917cd8d905573811e08337c52de3c0d38965c5c9bf6a20598c4842f9be88b4609d4e61d526bc4d998cfb69b7d3f4b2f1,95b385fb73e323c6ba2687c9c696dd059924c951eb1f321d12eab54d418b365d2f8075f907f93b995b00c43e542b72b7552a67d55686dd7b0fbf01267089f75c
1790134766502,market_trade,week100r-1790134762-m7:trade:0,week100r-1790134762-m7,regression-008,NO,5.05,USDC,,,
1790134766516,receipt,rcpt_ce13edef31af1f0cdf8f,,regression-009,internal_transfer,,,,ce13edef31af1f0cdf8f192f7771e7dbd877adb43856d48ddca56cbb69131f08773436a99afa3dd41b5eabcafe1c32290377cc7f918d3796e4d4d00f8f71564d,36fe74a83e24349e7452336c88f5669f917cd8d905573811e08337c52de3c0d38965c5c9bf6a20598c4842f9be88b4609d4e61d526bc4d998cfb69b7d3f4b2f1
1790134766534,receipt,rcpt_11fec5cdc3b5c7e9247f,,regression-009,internal_transfer,,,,11fec5cdc3b5c7e9247f7e60360f56e6d602e6fcf5270c2217695f302efecf8d0ee4c8a9e778f58e5ff1d7cbc4837e823f3d960b8b8b692e8bf0436618b52a82,ce13edef31af1f0cdf8f192f7771e7dbd877adb43856d48ddca56cbb69131f08773436a99afa3dd41b5eabcafe1c32290377cc7f918d3796e4d4d00f8f71564d
1790134766543,market_trade,week100r-1790134762-m0:trade:0,week100r-1790134762-m0,regression-009,YES,5.05,USDC,,,
1790134766558,receipt,rcpt_f92a5dffc83fd02af7c6,,regression-010,internal_transfer,,,,f92a5dffc83fd02af7c653ea1659c31dad5b0dda3b9b35d08acc2f9e38c7471b0b3108d87174227f55a6e4934d63f74a660db45a7b76e98a20146e0321e80f8b,11fec5cdc3b5c7e9247f7e60360f56e6d602e6fcf5270c2217695f302efecf8d0ee4c8a9e778f58e5ff1d7cbc4837e823f3d960b8b8b692e8bf0436618b52a82
1790134766932,receipt,rcpt_1923a57a6df727ab69c2,,regression-010,internal_transfer,,,,1923a57a6df727ab69c22a72fd80bd4e9fb4625eacac99c4df7c82bff23f5d0f2f2aac26970ecaba9eb0e0c73a0abf46b219e736e488317e66db5e0525fa64ab,f92a5dffc83fd02af7c653ea1659c31dad5b0dda3b9b35d08acc2f9e38c7471b0b3108d87174227f55a6e4934d63f74a660db45a7b76e98a20146e0321e80f8b
1790134766940,market_trade,week100r-1790134762-m1:trade:0,week100r-1790134762-m1,regression-010,NO,5.05,USDC,,,
1790134766952,receipt,rcpt_cbf3f1157fa5c9f7338d,,regression-018,internal_transfer,,,,cbf3f1157fa5c9f7338d6c53499a86079678aae04daaa1c8b6be58d196fb0acdda48891ed2900a33f4de480a24b6377cdbd711cb22524a32a70fe4e8f150844c,1923a57a6df727ab69c22a72fd80bd4e9fb4625eacac99c4df7c82bff23f5d0f2f2aac26970ecaba9eb0e0c73a0abf46b219e736e488317e66db5e0525fa64ab
1790134766961,receipt,rcpt_169d862e1d401174b65f,,regression-018,internal_transfer,,,,169d862e1d401174b65fe05ce3065607b8f53aa4c14320545463a97c4ce1aa8b27ea832783d892c9e54515e333a4c76bbb856a6eeaaa149e80f9a3a58ee51898,cbf3f1157fa5c9f7338d6c53499a86079678aae04daaa1c8b6be58d196fb0acdda48891ed2900a33f4de480a24b6377cdbd711cb22524a32a70fe4e8f150844c
1790134766969,market_trade,week100r-1790134762-m1:trade:1,week100r-1790134762-m1,regression-018,NO,5.05,USDC,,,
1790134766975,receipt,rcpt_c37d2647f5cf2040c3a4,,regression-019,internal_transfer,,,,c37d2647f5cf2040c3a47fa86f9eb30bca21a26352201718fd53290cca2b7d8af758581acfc232f6c85e2e395e72e0f8e9cd13cca4ac7c28eeb13da9c5746d3b,169d862e1d401174b65fe05ce3065607b8f53aa4c14320545463a97c4ce1aa8b27ea832783d892c9e54515e333a4c76bbb856a6eeaaa149e80f9a3a58ee51898
1790134766988,receipt,rcpt_7b6947dcaea24241f101,,regression-019,internal_transfer,,,,7b6947dcaea24241f1018d912d58a5a4f982f9ac39ca38c451bb5801a66740cd33160cde4616a3b00a71e6dd8c6fde58dcb6cf66d2f52245e2b478d67376d782,c37d2647f5cf2040c3a47fa86f9eb30bca21a26352201718fd53290cca2b7d8af758581acfc232f6c85e2e395e72e0f8e9cd13cca4ac7c28eeb13da9c5746d3b
1790134766996,market_trade,week100r-1790134762-m2:trade:0,week100r-1790134762-m2,regression-019,YES,5.05,USDC,,,
1790134767002,receipt,rcpt_5ce01d8b3626252200d9,,regression-020,internal_transfer,,,,5ce01d8b3626252200d95bf0f7cfb7e80e8ed3569942c4d7d63e7db78b10e2018cdc126033941bb1a4205248f2e7265b0339b3cf34e035989a81a11de2dd3670,7b6947dcaea24241f1018d912d58a5a4f982f9ac39ca38c451bb5801a66740cd33160cde4616a3b00a71e6dd8c6fde58dcb6cf66d2f52245e2b478d67376d782
1790134767012,receipt,rcpt_b01489ea3658264ecc3f,,regression-020,internal_transfer,,,,b01489ea3658264ecc3f5762216bfaf908a9d48cefa55d9f2e51f4eb0514d3db47d3c0feb9f6c6dfa70eff0957f92375e7d78d0a2f194587cc45c5dee38bbe15,5ce01d8b3626252200d95bf0f7cfb7e80e8ed3569942c4d7d63e7db78b10e2018cdc126033941bb1a4205248f2e7265b0339b3cf34e035989a81a11de2dd3670
1790134767019,market_trade,week100r-1790134762-m3:trade:0,week100r-1790134762-m3,regression-020,NO,5.05,USDC,,,
1790134767032,receipt,rcpt_c5f4a1e195c9fdd38244,,regression-028,internal_transfer,,,,c5f4a1e195c9fdd38244891a836f791907b76ab823ec5caa2536288c1e33103eaba9033b8e1b061681fd60e5dfa80a13d8ab3278c4b1d2e1dc196bccdae90954,b01489ea3658264ecc3f5762216bfaf908a9d48cefa55d9f2e51f4eb0514d3db47d3c0feb9f6c6dfa70eff0957f92375e7d78d0a2f194587cc45c5dee38bbe15
1790134767040,receipt,rcpt_6aed38fdb3d1ae870d89,,regression-028,internal_transfer,,,,6aed38fdb3d1ae870d89b41dd9d68133e2a44f6c745436ec2829f5023b7fd748450eed7e2268734d05f9f7e69b892e89e20b182966943c4ed302c623221d94e8,c5f4a1e195c9fdd38244891a836f791907b76ab823ec5caa2536288c1e33103eaba9033b8e1b061681fd60e5dfa80a13d8ab3278c4b1d2e1dc196bccdae90954
1790134767055,market_trade,week100r-1790134762-m3:trade:1,week100r-1790134762-m3,regression-028,NO,5.05,USDC,,,
1790134767062,receipt,rcpt_d10707d87ec6b3b6e282,,regression-029,internal_transfer,,,,d10707d87ec6b3b6e2821a519643ea75053c27289e7dcaa7f77c11944ca818c9293b74b9e17cf42147289223b3b3bb012215a2cd43a41b496058973b4126a46e,6aed38fdb3d1ae870d89b41dd9d68133e2a44f6c745436ec2829f5023b7fd748450eed7e2268734d05f9f7e69b892e89e20b182966943c4ed302c623221d94e8
1790134767071,receipt,rcpt_d8172dab5c133d73fab0,,regression-029,internal_transfer,,,,d8172dab5c133d73fab0976962f173e7851e8e39bdb911679c7f08457b31d407c8abe7448972ea55a318283bfc5cae0b852751c4a03f6b8bbc1746e869495966,d10707d87ec6b3b6e2821a519643ea75053c27289e7dcaa7f77c11944ca818c9293b74b9e17cf42147289223b3b3bb012215a2cd43a41b496058973b4126a46e
1790134767079,market_trade,week100r-1790134762-m4:trade:0,week100r-1790134762-m4,regression-029,YES,5.05,USDC,,,
1790134767085,receipt,rcpt_0de86551541785c730ca,,regression-030,internal_transfer,,,,0de86551541785c730cacbc21f7c90d03dc2d89ba7aa9ece0a88f9a78092da4c44617aa2fec4f4fe517728ad0f494a4e9a4bd28502380a649c09d0a97e2d44ea,d8172dab5c133d73fab0976962f173e7851e8e39bdb911679c7f08457b31d407c8abe7448972ea55a318283bfc5cae0b852751c4a03f6b8bbc1746e869495966
1790134767094,receipt,rcpt_e57d9678d35e2a595f7d,,regression-030,internal_transfer,,,,e57d9678d35e2a595f7d50102e7a91ece047ff5ed9cb49e4753e5dc81d52f07d796131f2fe46baf80bbd114e8ece3981a97dec314cb0146bc5a1ff35d7b02aae,0de86551541785c730cacbc21f7c90d03dc2d89ba7aa9ece0a88f9a78092da4c44617aa2fec4f4fe517728ad0f494a4e9a4bd28502380a649c09d0a97e2d44ea
1790134767102,market_trade,week100r-1790134762-m5:trade:0,week100r-1790134762-m5,regression-030,NO,5.05,USDC,,,
1790134767114,receipt,rcpt_8c4b9b03367781dc0b9d,,regression-038,internal_transfer,,,,8c4b9b03367781dc0b9d29c6b7c0297609bb487a2fa1d01eb776c951d0b42ec17c44f55be94149f35c459aeac0720e905ff32de15acb9aad6e8c344e77f7b979,e57d9678d35e2a595f7d50102e7a91ece047ff5ed9cb49e4753e5dc81d52f07d796131f2fe46baf80bbd114e8ece3981a97dec314cb0146bc5a1ff35d7b02aae
1790134767124,receipt,rcpt_74ae32d5241510b5c82d,,regression-038,internal_transfer,,,,74ae32d5241510b5c82df2c6c945d11381685dbbfab7859bd5564607429019451d8a727d17fa2dac38a4e2da9fecf5100bf95026134c1a35ba46e41b6bb98772,8c4b9b03367781dc0b9d29c6b7c0297609bb487a2fa1d01eb776c951d0b42ec17c44f55be94149f35c459aeac0720e905ff32de15acb9aad6e8c344e77f7b979
1790134767131,market_trade,week100r-1790134762-m5:trade:1,week100r-1790134762-m5,regression-038,NO,5.05,USDC,,,
1790134767138,receipt,rcpt_025351a0db92a4ec5a47,,regression-039,internal_transfer,,,,025351a0db92a4ec5a478cf8bf7a7e850cf0f7b4c42a61e57f6f18f76f53655fc40174352c7be411ccb8b8a5f39e3badd1027c7c5a645df815f6d332fa1df997,74ae32d5241510b5c82df2c6c945d11381685dbbfab7859bd5564607429019451d8a727d17fa2dac38a4e2da9fecf5100bf95026134c1a35ba46e41b6bb98772
1790134767495,receipt,rcpt_075eedf5e63db77a40fc,,regression-039,internal_transfer,,,,075eedf5e63db77a40fcd29145b47c340aa63f99d65d5abef639af040d5e8169ecd5447ff8aef01ae38b6e5ac258628d68cd37203a287c0615c200ab9f6628bd,025351a0db92a4ec5a478cf8bf7a7e850cf0f7b4c42a61e57f6f18f76f53655fc40174352c7be411ccb8b8a5f39e3badd1027c7c5a645df815f6d332fa1df997
1790134767503,market_trade,week100r-1790134762-m6:trade:0,week100r-1790134762-m6,regression-039,YES,5.05,USDC,,,
1790134767509,receipt,rcpt_546a57debfe52e8ba6e5,,regression-040,internal_transfer,,,,546a57debfe52e8ba6e5723344e88add95e945b4138f902bb118525fb249d7a6bbc7a857e6c2b5ed60a25ad16b8c52065f168a29cc212bbc014dda760230f761,075eedf5e63db77a40fcd29145b47c340aa63f99d65d5abef639af040d5e8169ecd5447ff8aef01ae38b6e5ac258628d68cd37203a287c0615c200ab9f6628bd
1790134767518,receipt,rcpt_1ce1a2fa01f8664ecde6,,regression-040,internal_transfer,,,,1ce1a2fa01f8664ecde6443ccf7c3b4d406a10e4f2d2887b24dd6183caa805bde7a4e8f03a8eebf76431cc8466be10e541493160631dd176dcf868a3f4beaa3a,546a57debfe52e8ba6e5723344e88add95e945b4138f902bb118525fb249d7a6bbc7a857e6c2b5ed60a25ad16b8c52065f168a29cc212bbc014dda760230f761
1790134767526,market_trade,week100r-1790134762-m7:trade:1,week100r-1790134762-m7,regression-040,NO,5.05,USDC,,,
1790134767538,receipt,rcpt_c897b00fcc5414206960,,regression-048,internal_transfer,,,,c897b00fcc54142069600dd3f2af05a21598ec5251e7b4c08f7987553e6c9512064bacb4347ae3b5900d3e73cd826553854b52d9ef2b28a26ee279413950a9fe,1ce1a2fa01f8664ecde6443ccf7c3b4d406a10e4f2d2887b24dd6183caa805bde7a4e8f03a8eebf76431cc8466be10e541493160631dd176dcf868a3f4beaa3a
1790134767552,receipt,rcpt_e4bd639dd9697be4c5de,,regression-048,internal_transfer,,,,e4bd639dd9697be4c5de9ec26bb41f5460cf4f5180a0535c3ff7034257076a7639393f602eb80c78eaac953b14ac84f1b71d870d3afbf613f43b33880a6776c3,c897b00fcc54142069600dd3f2af05a21598ec5251e7b4c08f7987553e6c9512064bacb4347ae3b5900d3e73cd826553854b52d9ef2b28a26ee279413950a9fe
1790134767560,market_trade,week100r-1790134762-m7:trade:2,week100r-1790134762-m7,regression-048,NO,5.05,USDC,,,
1790134767566,receipt,rcpt_6a1e28bb47cb3ff249b4,,regression-049,internal_transfer,,,,6a1e28bb47cb3ff249b4caaede7b710022cb8ba9de545a027971a29f1147bc64bd3009dea4ba14512646a2d5191abaca1fb6df938e43ba01c164d01a2056a28a,e4bd639dd9697be4c5de9ec26bb41f5460cf4f5180a0535c3ff7034257076a7639393f602eb80c78eaac953b14ac84f1b71d870d3afbf613f43b33880a6776c3
1790134767575,receipt,rcpt_6bf444d20004d339a64c,,regression-049,internal_transfer,,,,6bf444d20004d339a64ce5f91cfdfae8dbe9d71af39848ff065bc7d5b9f8ab3f2dfbbf6b10183ccc8cd9bf54e37c18aa7d041de3000c044cdca40e7cb36487fd,6a1e28bb47cb3ff249b4caaede7b710022cb8ba9de545a027971a29f1147bc64bd3009dea4ba14512646a2d5191abaca1fb6df938e43ba01c164d01a2056a28a
1790134767583,market_trade,week100r-1790134762-m0:trade:1,week100r-1790134762-m0,regression-049,YES,5.05,USDC,,,
1790134767590,receipt,rcpt_a672935d5c1b2d4bbf03,,regression-050,internal_transfer,,,,a672935d5c1b2d4bbf0352c73137402327d6e3ce5181c0e085824ee4b1256d586e4fa0504432a8560521c1c0f70a86f8d720060853f2fa27fb10e04e48407234,6bf444d20004d339a64ce5f91cfdfae8dbe9d71af39848ff065bc7d5b9f8ab3f2dfbbf6b10183ccc8cd9bf54e37c18aa7d041de3000c044cdca40e7cb36487fd
1790134767599,receipt,rcpt_62010a9a19477920822b,,regression-050,internal_transfer,,,,62010a9a19477920822b0ab073f76f135949ade748d07d6122d7337f27121ba574f520855d279fa003254a58c356609646e8b863bc845d291320422134b7a7fe,a672935d5c1b2d4bbf0352c73137402327d6e3ce5181c0e085824ee4b1256d586e4fa0504432a8560521c1c0f70a86f8d720060853f2fa27fb10e04e48407234
1790134767607,market_trade,week100r-1790134762-m1:trade:2,week100r-1790134762-m1,regression-050,NO,5.05,USDC,,,
1790134767623,receipt,rcpt_fef91685f7f590797d08,,regression-058,internal_transfer,,,,fef91685f7f590797d089d862101e96bdaffd7d73bd64d67dab267ef26eaf8fa32ded1f47b2c3c6941097a5b3ebf0020a10008928dc0dab723ea60004d6eb23c,62010a9a19477920822b0ab073f76f135949ade748d07d6122d7337f27121ba574f520855d279fa003254a58c356609646e8b863bc845d291320422134b7a7fe
1790134767632,receipt,rcpt_6f08e32f3e92432984b7,,regression-058,internal_transfer,,,,6f08e32f3e92432984b701a3f9e1ed5805f8d13c60893f0d2e95b30cc4bbe01acef4019405337ff53ba26ec73896452281708da15f6823950192dd78a81a12f1,fef91685f7f590797d089d862101e96bdaffd7d73bd64d67dab267ef26eaf8fa32ded1f47b2c3c6941097a5b3ebf0020a10008928dc0dab723ea60004d6eb23c
1790134767639,market_trade,week100r-1790134762-m1:trade:3,week100r-1790134762-m1,regression-058,NO,5.05,USDC,,,
1790134767646,receipt,rcpt_5cb536c6d80acad4268d,,regression-059,internal_transfer,,,,5cb536c6d80acad4268d145c5c4c90002b9d4fcd8e9b9c46057c75ecfddcbce0f8cc7cd57a514161c8af62c11c6a65cbc69a895cc415c54526c96b4a17caa93c,6f08e32f3e92432984b701a3f9e1ed5805f8d13c60893f0d2e95b30cc4bbe01acef4019405337ff53ba26ec73896452281708da15f6823950192dd78a81a12f1
1790134767655,receipt,rcpt_f30c48266a6b52a5d3a6,,regression-059,internal_transfer,,,,f30c48266a6b52a5d3a6d7b0974409a7b556de354859b577bbdadb56fe14c4cbc203db1119f25eb8f5539af98a6b095ecec684ca6bf55b40c61d0b3801b9378e,5cb536c6d80acad4268d145c5c4c90002b9d4fcd8e9b9c46057c75ecfddcbce0f8cc7cd57a514161c8af62c11c6a65cbc69a895cc415c54526c96b4a17caa93c
1790134767662,market_trade,week100r-1790134762-m2:trade:1,week100r-1790134762-m2,regression-059,YES,5.05,USDC,,,
1790134767671,receipt,rcpt_f97e388e0598a50f3d1b,,regression-060,internal_transfer,,,,f97e388e0598a50f3d1bbfc386a2964a281a3519803fa837dde69e3b979eac00cdc5b34a5ef6b69a2f44c53e06b1eeaa9fd14b2550c5e2a00ec2bb3d8f899025,f30c48266a6b52a5d3a6d7b0974409a7b556de354859b577bbdadb56fe14c4cbc203db1119f25eb8f5539af98a6b095ecec684ca6bf55b40c61d0b3801b9378e
1790134767680,receipt,rcpt_a4e85f69ec76a8fdbee4,,regression-060,internal_transfer,,,,a4e85f69ec76a8fdbee49c6460802dabadc06f2874286e819454fb17fd12e530de4ea989fab49def25f326ea38d1475ce2039435bfecb6a6c18dc46d7e0fb03b,f97e388e0598a50f3d1bbfc386a2964a281a3519803fa837dde69e3b979eac00cdc5b34a5ef6b69a2f44c53e06b1eeaa9fd14b2550c5e2a00ec2bb3d8f899025
1790134767688,market_trade,week100r-1790134762-m3:trade:2,week100r-1790134762-m3,regression-060,NO,5.05,USDC,,,
1790134767701,receipt,rcpt_2cb8b05fc4dfa248be6c,,regression-068,internal_transfer,,,,2cb8b05fc4dfa248be6c8f746d6c69c74fd7298b3689857ff58781f70f00c80c7b45bb7746a7f6a26f561b55e6f6f57a74e721ff808478d02b60db1b4c2d6318,a4e85f69ec76a8fdbee49c6460802dabadc06f2874286e819454fb17fd12e530de4ea989fab49def25f326ea38d1475ce2039435bfecb6a6c18dc46d7e0fb03b
1790134768062,receipt,rcpt_eec49a776d291c679975,,regression-068,internal_transfer,,,,eec49a776d291c679975329fcca37d55ca97f54fb4bac41470d1374d4641649c7a8277d847f3c5a360634ee12e0991543e45410856e637287ffcaa9761533ee7,2cb8b05fc4dfa248be6c8f746d6c69c74fd7298b3689857ff58781f70f00c80c7b45bb7746a7f6a26f561b55e6f6f57a74e721ff808478d02b60db1b4c2d6318
1790134768070,market_trade,week100r-1790134762-m3:trade:3,week100r-1790134762-m3,regression-068,NO,5.05,USDC,,,
1790134768077,receipt,rcpt_be39f0307614da9f2714,,regression-069,internal_transfer,,,,be39f0307614da9f271438a15648270852de18dbb06e9fc471626b470f7c6af5c8ba8abe41c6a1ba1b8b3342cbbf04d74eb39f2956d8227da8ca58f51941d14d,eec49a776d291c679975329fcca37d55ca97f54fb4bac41470d1374d4641649c7a8277d847f3c5a360634ee12e0991543e45410856e637287ffcaa9761533ee7
1790134768086,receipt,rcpt_8cea396ca172aae492f7,,regression-069,internal_transfer,,,,8cea396ca172aae492f77481f3c588ed0ac59e73d092dcb228a383f04681d9bacf7145463ac4e7aa2b7f0752e4d002f2b7318a1c35aab0aa77d4a7df73f910c2,be39f0307614da9f271438a15648270852de18dbb06e9fc471626b470f7c6af5c8ba8abe41c6a1ba1b8b3342cbbf04d74eb39f2956d8227da8ca58f51941d14d
1790134768095,market_trade,week100r-1790134762-m4:trade:1,week100r-1790134762-m4,regression-069,YES,5.05,USDC,,,
1790134768102,receipt,rcpt_da3b8ddddcf5c11317f3,,regression-070,internal_transfer,,,,da3b8ddddcf5c11317f3877f331903145ad20626430d6dedb34124d8d2c395c536d4560840aef3445e8a30836432c2352e62c64b670bf113e9821177b38d14cb,8cea396ca172aae492f77481f3c588ed0ac59e73d092dcb228a383f04681d9bacf7145463ac4e7aa2b7f0752e4d002f2b7318a1c35aab0aa77d4a7df73f910c2
1790134768111,receipt,rcpt_0d261afa46a37b03d2a3,,regression-070,internal_transfer,,,,0d261afa46a37b03d2a31b90c758732f4086818331d0fa6ad7d7e54ee2c3522ba0106b97a3bad51607bb9868cca941424306bfa45b4f8a946596491118b329a3,da3b8ddddcf5c11317f3877f331903145ad20626430d6dedb34124d8d2c395c536d4560840aef3445e8a30836432c2352e62c64b670bf113e9821177b38d14cb
1790134768119,market_trade,week100r-1790134762-m5:trade:2,week100r-1790134762-m5,regression-070,NO,5.05,USDC,,,
1790134768133,receipt,rcpt_0d62c8100657bb726ce5,,regression-078,internal_transfer,,,,0d62c8100657bb726ce58fd1ea8e6e51dc2a328282e76adfa0e2c67b3950e130572e4945c83a38ae50d92ea13015aec53ef78a518e6780b072d52508e952f1c6,0d261afa46a37b03d2a31b90c758732f4086818331d0fa6ad7d7e54ee2c3522ba0106b97a3bad51607bb9868cca941424306bfa45b4f8a946596491118b329a3
1790134768142,receipt,rcpt_f52e16d5874351a0e10d,,regression-078,internal_transfer,,,,f52e16d5874351a0e10dcb281d437904de3d2afcee137bf98dd5c99c109c68c56c4f475e2630b082545f6cd8f0e882fa87c1272db45cf85fad1fdbef06ff052e,0d62c8100657bb726ce58fd1ea8e6e51dc2a328282e76adfa0e2c67b3950e130572e4945c83a38ae50d92ea13015aec53ef78a518e6780b072d52508e952f1c6
1790134768151,market_trade,week100r-1790134762-m5:trade:3,week100r-1790134762-m5,regression-078,NO,5.05,USDC,,,
1790134768158,receipt,rcpt_45802bec24b5570a1a0a,,regression-079,internal_transfer,,,,45802bec24b5570a1a0a5b04b8d93aacd20fe1c2b3f9b43dc37f9d9eea764817c27f1a7fa4d8f442b1b808ca76a3e768299fe4a6950b470649e2733deebe4692,f52e16d5874351a0e10dcb281d437904de3d2afcee137bf98dd5c99c109c68c56c4f475e2630b082545f6cd8f0e882fa87c1272db45cf85fad1fdbef06ff052e
1790134768167,receipt,rcpt_b930ab4af71afd71f0f4,,regression-079,internal_transfer,,,,b930ab4af71afd71f0f4c042487806562cc9ded054f6a76da7db9a8303d28e3913f76ff34361507a78d14aacde016ac575215db49747f365ffbf77c9344c63ac,45802bec24b5570a1a0a5b04b8d93aacd20fe1c2b3f9b43dc37f9d9eea764817c27f1a7fa4d8f442b1b808ca76a3e768299fe4a6950b470649e2733deebe4692
1790134768175,market_trade,week100r-1790134762-m6:trade:1,week100r-1790134762-m6,regression-079,YES,5.05,USDC,,,
1790134768182,receipt,rcpt_fca39acf5763997361e3,,regression-080,internal_transfer,,,,fca39acf5763997361e3beafd740a0d02c43d445704c184873032aa17ccb068bdd0237de82e58e316425deb13f10d3669f10ec12cc7e5c921ceb74def38123a5,b930ab4af71afd71f0f4c042487806562cc9ded054f6a76da7db9a8303d28e3913f76ff34361507a78d14aacde016ac575215db49747f365ffbf77c9344c63ac
1790134768191,receipt,rcpt_c667fc3081477f137a68,,regression-080,internal_transfer,,,,c667fc3081477f137a681b7e50621b1a71c98b45d22cdbdc9113cf2071a1399b0183e4c55533c61c09e7223e6000b39bb3946916687dbc13ff91053a98369d57,fca39acf5763997361e3beafd740a0d02c43d445704c184873032aa17ccb068bdd0237de82e58e316425deb13f10d3669f10ec12cc7e5c921ceb74def38123a5
1790134768199,market_trade,week100r-1790134762-m7:trade:3,week100r-1790134762-m7,regression-080,NO,5.05,USDC,,,
1790134768212,receipt,rcpt_0c33e9261e1e669fce36,,regression-088,internal_transfer,,,,0c33e9261e1e669fce36b915f1726a6d8ba82561da9a874fb3da40f28dfcbc899b29addc115a76197b08023ed08740437846930f9be6dc8f6588012346d002eb,c667fc3081477f137a681b7e50621b1a71c98b45d22cdbdc9113cf2071a1399b0183e4c55533c61c09e7223e6000b39bb3946916687dbc13ff91053a98369d57
1790134768221,receipt,rcpt_25f45401a371a781ba3b,,regression-088,internal_transfer,,,,25f45401a371a781ba3b581580c953810b7a83e29ea078535158ea123f3de0b67aa657ad12b0cad9d53921bee6d0f633e20775ae8b370f61fce039ee6243e534,0c33e9261e1e669fce36b915f1726a6d8ba82561da9a874fb3da40f28dfcbc899b29addc115a76197b08023ed08740437846930f9be6dc8f6588012346d002eb
1790134768229,market_trade,week100r-1790134762-m7:trade:4,week100r-1790134762-m7,regression-088,NO,5.05,USDC,,,
1790134768236,receipt,rcpt_f5af46ec7871faf0a375,,regression-089,internal_transfer,,,,f5af46ec7871faf0a375ce1adad24f04100e9e2a563e83101c83243cd77014cfe1c892e68e4cefd405185e61892403b06162bc9987b823c596bf9b75acfb5ed2,25f45401a371a781ba3b581580c953810b7a83e29ea078535158ea123f3de0b67aa657ad12b0cad9d53921bee6d0f633e20775ae8b370f61fce039ee6243e534
1790134768245,receipt,rcpt_3a9cac33413587b7ba4d,,regression-089,internal_transfer,,,,3a9cac33413587b7ba4d397095d09376f88d08e14cbf18ba0f39963bd52eb5a8d4c761502ae67711e2e2ca47c8640fb37b79d3fdd9d1dd9bac2cbdb55e776bb6,f5af46ec7871faf0a375ce1adad24f04100e9e2a563e83101c83243cd77014cfe1c892e68e4cefd405185e61892403b06162bc9987b823c596bf9b75acfb5ed2
1790134768253,market_trade,week100r-1790134762-m0:trade:2,week100r-1790134762-m0,regression-089,YES,5.05,USDC,,,
1790134768260,receipt,rcpt_8732a2a026e724c5d5e6,,regression-090,internal_transfer,,,,8732a2a026e724c5d5e657009489bb1f387c62921d5dc18b032201af0eecc10547c28047440d0390277ac6f5bac8b7bdaebcbb3289a70aa2a12ad2df7db57e94,3a9cac33413587b7ba4d397095d09376f88d08e14cbf18ba0f39963bd52eb5a8d4c761502ae67711e2e2ca47c8640fb37b79d3fdd9d1dd9bac2cbdb55e776bb6
1790134768598,receipt,rcpt_be7d18c5842d2ba389d2,,regression-090,internal_transfer,,,,be7d18c5842d2ba389d2a0b890db04ee3e9b9c596679adc6562582d79d190c8b176476e446f7c99530c42f04e714f6be77d2f168f402f3102be3bd16d1d2d60c,8732a2a026e724c5d5e657009489bb1f387c62921d5dc18b032201af0eecc10547c28047440d0390277ac6f5bac8b7bdaebcbb3289a70aa2a12ad2df7db57e94
1790134768608,market_trade,week100r-1790134762-m1:trade:4,week100r-1790134762-m1,regression-090,NO,5.05,USDC,,,
1790134768624,receipt,rcpt_1ef66e9692c1c05d764a,,regression-098,internal_transfer,,,,1ef66e9692c1c05d764ac0225c7a5b005afd821d475568ae749adebda4a14c30d7c2b3781b8d91561232d7524e35ea0c14dc68b169d29a3c2ae1ecd4e36818e8,be7d18c5842d2ba389d2a0b890db04ee3e9b9c596679adc6562582d79d190c8b176476e446f7c99530c42f04e714f6be77d2f168f402f3102be3bd16d1d2d60c
1790134768634,receipt,rcpt_8887c8f0abf9fc014054,,regression-098,internal_transfer,,,,8887c8f0abf9fc01405437d996f236e35e39168fa73adeeaf26a90b0e74ebca375326dbfffbfa525c46d12ce8ce244b2000b2b934b9bed105741ba05e7647a82,1ef66e9692c1c05d764ac0225c7a5b005afd821d475568ae749adebda4a14c30d7c2b3781b8d91561232d7524e35ea0c14dc68b169d29a3c2ae1ecd4e36818e8
1790134768642,market_trade,week100r-1790134762-m1:trade:5,week100r-1790134762-m1,regression-098,NO,5.05,USDC,,,
1790134768650,receipt,rcpt_79791db8cf1ce8140112,,regression-099,internal_transfer,,,,79791db8cf1ce8140112c8597fb063b58b807812e2cf59880a04f1ad9bcc66e6253f539b5b8022f9eb238ab354fac3901a5ea2dcdde4ace72789f7978fb59658,8887c8f0abf9fc01405437d996f236e35e39168fa73adeeaf26a90b0e74ebca375326dbfffbfa525c46d12ce8ce244b2000b2b934b9bed105741ba05e7647a82
1790134768660,receipt,rcpt_dcd271331e4cb07a0704,,regression-099,internal_transfer,,,,dcd271331e4cb07a07046b3029564162cc94fa9f8ec779041c4230a520272d6ba19cf401e103ebb44bf13c121a619215e7ff6dd294199bbe8eba0a2e0187e806,79791db8cf1ce8140112c8597fb063b58b807812e2cf59880a04f1ad9bcc66e6253f539b5b8022f9eb238ab354fac3901a5ea2dcdde4ace72789f7978fb59658
1790134768668,market_trade,week100r-1790134762-m2:trade:2,week100r-1790134762-m2,regression-099,YES,5.05,USDC,,,
1790134768675,receipt,rcpt_291349fd66207fae7677,,regression-100,internal_transfer,,,,291349fd66207fae76771643503eb5bd2415ba54786e6e459eb053ab3e98aaa25bd72cb4959572c08eb0587ac449684f0c06f1a7a83c2dc97bc5ff943ab93f59,dcd271331e4cb07a07046b3029564162cc94fa9f8ec779041c4230a520272d6ba19cf401e103ebb44bf13c121a619215e7ff6dd294199bbe8eba0a2e0187e806
1790134768685,receipt,rcpt_1f74842653b0962eca84,,regression-100,internal_transfer,,,,1f74842653b0962eca847c0087ddc5489cc77f4bffbe31a2e08f3197bab730e73d2f6a30aacc9cee17970a15360fe0bc3ed8a216d66310de48aa228bde7d7d93,291349fd66207fae76771643503eb5bd2415ba54786e6e459eb053ab3e98aaa25bd72cb4959572c08eb0587ac449684f0c06f1a7a83c2dc97bc5ff943ab93f59
1790134768693,market_trade,week100r-1790134762-m3:trade:4,week100r-1790134762-m3,regression-100,NO,5.05,USDC,,,
1790134769032,receipt,rcpt_d7ecc2fd13b59f0b39f0,,regression-002,internal_transfer,,,,d7ecc2fd13b59f0b39f04fef989213f2a84c23a3a2e866f7d66dbe634f49fe3cd71ebaeb22f4ca0d56ab2c445c076d68caa46e5fa5e5fabe435a6388b1c7d6b6,1f74842653b0962eca847c0087ddc5489cc77f4bffbe31a2e08f3197bab730e73d2f6a30aacc9cee17970a15360fe0bc3ed8a216d66310de48aa228bde7d7d93
1790134770393,receipt,rcpt_25b628c7fc7f64ed6467,,regression-006,internal_transfer,,,,25b628c7fc7f64ed6467bceb65506cb15cec943f0cda0711df26f164bdab9641757703e9cd321a61ed6f59d1725d4c5ec2996cf10f54b8b6ddfb27e16fee5fff,d7ecc2fd13b59f0b39f04fef989213f2a84c23a3a2e866f7d66dbe634f49fe3cd71ebaeb22f4ca0d56ab2c445c076d68caa46e5fa5e5fabe435a6388b1c7d6b6
1790134772380,receipt,rcpt_72004bed57a79714f008,,regression-012,internal_transfer,,,,72004bed57a79714f00826fd5f785bc0124db10ed921425b36796ee5c5cc351671ecbca265c4a409d38eca9f09879ad9f5c4c3b1d2adfda2989cbf9500b5a131,25b628c7fc7f64ed6467bceb65506cb15cec943f0cda0711df26f164bdab9641757703e9cd321a61ed6f59d1725d4c5ec2996cf10f54b8b6ddfb27e16fee5fff
1790134773725,receipt,rcpt_8805e4787e24548d2ef1,,regression-016,internal_transfer,,,,8805e4787e24548d2ef1583cd7a7f56862576375dd5f1bf53ce29c71718c3d6d4a637ef393accbe2b926ef9e9abe4eca881a2136cfc7fc39a20d780c0960d2ca,72004bed57a79714f00826fd5f785bc0124db10ed921425b36796ee5c5cc351671ecbca265c4a409d38eca9f09879ad9f5c4c3b1d2adfda2989cbf9500b5a131
1790134775782,receipt,rcpt_2813d9945c3ec9a7617e,,regression-022,internal_transfer,,,,2813d9945c3ec9a7617e4e292e7e9e25cf7ceca4ba783765100483730579ede643c6c408bcb6a0f43b9ee42cc008090eedfe75b1052d31df1c1ea599916798c5,8805e4787e24548d2ef1583cd7a7f56862576375dd5f1bf53ce29c71718c3d6d4a637ef393accbe2b926ef9e9abe4eca881a2136cfc7fc39a20d780c0960d2ca
1790134777171,receipt,rcpt_6ff6e750b490f2dd09b2,,regression-026,internal_transfer,,,,6ff6e750b490f2dd09b2e57834d80438bd332ca079b342cdb3a42f9dfaff29fd048504c8dcc858b55226178ce1dbeda7723cc81d5593d83b5b06bace4bf2ec35,2813d9945c3ec9a7617e4e292e7e9e25cf7ceca4ba783765100483730579ede643c6c408bcb6a0f43b9ee42cc008090eedfe75b1052d31df1c1ea599916798c5
1790134779234,receipt,rcpt_e22a71d1cdf6509f12f1,,regression-032,internal_transfer,,,,e22a71d1cdf6509f12f11bf505e42ca176719ab86028c36be28d41064b28c8d35a0cf3acfe93b2f2fe425e7a5a451d173c072ef1a9de99fdef3d4750358bd7d5,6ff6e750b490f2dd09b2e57834d80438bd332ca079b342cdb3a42f9dfaff29fd048504c8dcc858b55226178ce1dbeda7723cc81d5593d83b5b06bace4bf2ec35
1790134780742,receipt,rcpt_508b7f381c2c2ea1c6ad,,regression-036,internal_transfer,,,,508b7f381c2c2ea1c6ada408eea95c7260c688a7bdb58ed7b54661d4d283bec78116ed04b4a348553a9cd676523cd78148d452e0bfea8c3a7df575bee254751c,e22a71d1cdf6509f12f11bf505e42ca176719ab86028c36be28d41064b28c8d35a0cf3acfe93b2f2fe425e7a5a451d173c072ef1a9de99fdef3d4750358bd7d5
1790134782834,receipt,rcpt_b96c58853789165d79fe,,regression-042,internal_transfer,,,,b96c58853789165d79fe0886442bed76896b79b72f917cce159b9930ecafe3e3ef63ce321ab91e042c12c6ad2d1908fcaeba9caafce911a7a3f8d246adfe2d70,508b7f381c2c2ea1c6ada408eea95c7260c688a7bdb58ed7b54661d4d283bec78116ed04b4a348553a9cd676523cd78148d452e0bfea8c3a7df575bee254751c
1790134784662,receipt,rcpt_9a594e4ac9354f2df9fb,,regression-046,internal_transfer,,,,9a594e4ac9354f2df9fb8e5d6c4bb047fbf93e602baeb4d88112e0f08c8deffceac0309ed3331dd9630461d71c12a7a58f90dd989d230017b9819297abb480db,b96c58853789165d79fe0886442bed76896b79b72f917cce159b9930ecafe3e3ef63ce321ab91e042c12c6ad2d1908fcaeba9caafce911a7a3f8d246adfe2d70
1790134786830,receipt,rcpt_a599b871425d6a2f18c6,,regression-052,internal_transfer,,,,a599b871425d6a2f18c6e793ebd5c2d453c5794ee4f57fbc376f7db195674f85b5334478ca8fca842d08edda680b69d9a4184dc589b817f3b907922a7d6d3c62,9a594e4ac9354f2df9fb8e5d6c4bb047fbf93e602baeb4d88112e0f08c8deffceac0309ed3331dd9630461d71c12a7a58f90dd989d230017b9819297abb480db
1790134788263,receipt,rcpt_df97527db84bbfd17693,,regression-056,internal_transfer,,,,df97527db84bbfd17693f61fa24973f21376208d946f4a0914ae61a2b8ea20958dc7ed947754a4f4331f637712b868dc07aa0fa44ed376a7d18b00a36649e599,a599b871425d6a2f18c6e793ebd5c2d453c5794ee4f57fbc376f7db195674f85b5334478ca8fca842d08edda680b69d9a4184dc589b817f3b907922a7d6d3c62
1790134790320,receipt,rcpt_8638b7dff601399edafc,,regression-062,internal_transfer,,,,8638b7dff601399edafc686ca27cf2461437b4634000a8e1ee28a323a7d5064b1bc5bec8d9f83ff548d88934746ea712d7074247d9cee41d0516f5f6a9c4f5de,df97527db84bbfd17693f61fa24973f21376208d946f4a0914ae61a2b8ea20958dc7ed947754a4f4331f637712b868dc07aa0fa44ed376a7d18b00a36649e599
1790134791695,receipt,rcpt_9ba3904551b6309a8bad,,regression-066,internal_transfer,,,,9ba3904551b6309a8badc664b1a69b8ed806603d5c9e76051593a5857a7e2192d5964f62bafa1d1a71d78873b3813dcfdd2904dee641202cf9fbdab0b53ca15b,8638b7dff601399edafc686ca27cf2461437b4634000a8e1ee28a323a7d5064b1bc5bec8d9f83ff548d88934746ea712d7074247d9cee41d0516f5f6a9c4f5de
1790134793771,receipt,rcpt_2abfa2a6c6ad5aa87615,,regression-072,internal_transfer,,,,2abfa2a6c6ad5aa8761561c3c7486523d4ba48392c195d7e91ca6666b638e3e3641dd99bc8fc244b359776e3f974e7eaa40001fbbfa0b0a0e25330d3a508b3e0,9ba3904551b6309a8badc664b1a69b8ed806603d5c9e76051593a5857a7e2192d5964f62bafa1d1a71d78873b3813dcfdd2904dee641202cf9fbdab0b53ca15b
1790134795212,receipt,rcpt_981af9f15916a3559e6e,,regression-076,internal_transfer,,,,981af9f15916a3559e6e3151b59f2d1c9921b00ffa48db4457f0b63e61a271ffc8ff4972f962f104de0d53c087a74f46d7c40810617364f9bd4033882bdaa88a,2abfa2a6c6ad5aa8761561c3c7486523d4ba48392c195d7e91ca6666b638e3e3641dd99bc8fc244b359776e3f974e7eaa40001fbbfa0b0a0e25330d3a508b3e0
1790134837458,receipt,rcpt_ccf01581075fab448d77,,week100-1790134837-lp,internal_transfer,,,,ccf01581075fab448d776bbb02a6a5c689d6646f9a3974f5312096c5f1075ae5100ef0a0b305063807d2184ee84d27333e08659f27225948a6eac40895150d6b,981af9f15916a3559e6e3151b59f2d1c9921b00ffa48db4457f0b63e61a271ffc8ff4972f962f104de0d53c087a74f46d7c40810617364f9bd4033882bdaa88a
1790134843179,receipt,rcpt_becc8c0d2715850c6ee9,,week100-1790134837-u001,internal_transfer,,,,becc8c0d2715850c6ee9e51b0eb038c3aca95710b00f4f233f10b7d5654428dc7cb214ea20cd2fffcdbaf6db7573ebf6c250335384d16ee911871c0b7138b91d,ccf01581075fab448d776bbb02a6a5c689d6646f9a3974f5312096c5f1075ae5100ef0a0b305063807d2184ee84d27333e08659f27225948a6eac40895150d6b
1790134843496,receipt,rcpt_1c28d9b31e87ba058eb5,,week100-1790134837-u001,internal_transfer,,,,1c28d9b31e87ba058eb544794442ca985c34516ee4524022df7184f3d3182a795e62f60e370f2f098a64353a0bf795b07930c0c3ffe4f8ea79b7f07a800dfce2,becc8c0d2715850c6ee9e51b0eb038c3aca95710b00f4f233f10b7d5654428dc7cb214ea20cd2fffcdbaf6db7573ebf6c250335384d16ee911871c0b7138b91d
1790134843508,market_trade,week100-1790134837-m0:trade:0,week100-1790134837-m0,week100-1790134837-u001,YES,5.05,USDC,,,
1790134843542,receipt,rcpt_205e67db1febfafbcc6d,,week100-1790134837-u009,internal_transfer,,,,205e67db1febfafbcc6dd5a77938299f9c2a48548f62971abfc6c627bd70c5b6fd15e877e170da055b0f333a45707487ddc983cbd0f0f8d209e3609b9c579ad4,1c28d9b31e87ba058eb544794442ca985c34516ee4524022df7184f3d3182a795e62f60e370f2f098a64353a0bf795b07930c0c3ffe4f8ea79b7f07a800dfce2
1790134843565,receipt,rcpt_7d732f505e76f9c7405e,,week100-1790134837-u009,internal_transfer,,,,7d732f505e76f9c7405e74d2b40abfebe045c5b0e5115469838e51c1e5473b64ed3822fc0f7a5dd5afe7ef620f7754f33dfbc4fd91846bb200f10c241c7a3a7a,205e67db1febfafbcc6dd5a77938299f9c2a48548f62971abfc6c627bd70c5b6fd15e877e170da055b0f333a45707487ddc983cbd0f0f8d209e3609b9c579ad4
1790134843577,market_trade,week100-1790134837-m0:trade:1,week100-1790134837-m0,week100-1790134837-u009,YES,5.05,USDC,,,
1790134843595,receipt,rcpt_a9aa7bc53655b14607bb,,week100-1790134837-u010,internal_transfer,,,,a9aa7bc53655b14607bbc7d58e6c8abc20248e6c933f2b5636e447d8f9cdf4baa1f2f8c4f19c45dbd69ca82709dafa7c6182d96a1c8b5e4546dd5b90df2b2085,7d732f505e76f9c7405e74d2b40abfebe045c5b0e5115469838e51c1e5473b64ed3822fc0f7a5dd5afe7ef620f7754f33dfbc4fd91846bb200f10c241c7a3a7a
1790134843618,receipt,rcpt_c01ba17cd4da3fa07f9a,,week100-1790134837-u010,internal_transfer,,,,c01ba17cd4da3fa07f9a3b36c32081021335998cd2dc0f45057f49d87c6b2f8a946a458548292e674acc35872dc2ea7076becd25aa49e631776f808d01056a68,a9aa7bc53655b14607bbc7d58e6c8abc20248e6c933f2b5636e447d8f9cdf4baa1f2f8c4f19c45dbd69ca82709dafa7c6182d96a1c8b5e4546dd5b90df2b2085
1790134843630,market_trade,week100-1790134837-m1:trade:0,week100-1790134837-m1,week100-1790134837-u010,NO,5.05,USDC,,,
1790134843649,receipt,rcpt_53066585ec54c753ac9b,,week100-1790134837-u011,internal_transfer,,,,53066585ec54c753ac9bc9192dbfaefde4d21c5d06018796925aa0b321387363d99232bb0ec6f506bb28b78a1ba6050adc6149cc8baf19cd26a544e1dc32755a,c01ba17cd4da3fa07f9a3b36c32081021335998cd2dc0f45057f49d87c6b2f8a946a458548292e674acc35872dc2ea7076becd25aa49e631776f808d01056a68
1790134843672,receipt,rcpt_2896f5e570031ad09b40,,week100-1790134837-u011,internal_transfer,,,,2896f5e570031ad09b4085d559fdc7cc0109749e91106592e2646980dc98257884b2c0a274c2ae906e61fa5fd94fce94e41f658c9d060e74b5227a92146e6635,53066585ec54c753ac9bc9192dbfaefde4d21c5d06018796925aa0b321387363d99232bb0ec6f506bb28b78a1ba6050adc6149cc8baf19cd26a544e1dc32755a
1790134844008,market_trade,week100-1790134837-m2:trade:0,week100-1790134837-m2,week100-1790134837-u011,YES,5.05,USDC,,,
1790134844033,receipt,rcpt_8ad339f6d919f0a60c90,,week100-1790134837-u019,internal_transfer,,,,8ad339f6d919f0a60c900df9d7373ee454245422641490bbed978641b693dc07b18bc1a79065fbb94e1235d2f37f8b27f67c7439fb66ab1fa56a63b196e4abb0,2896f5e570031ad09b4085d559fdc7cc0109749e91106592e2646980dc98257884b2c0a274c2ae906e61fa5fd94fce94e41f658c9d060e74b5227a92146e6635
1790134844044,receipt,rcpt_6a32b06683703aa1023b,,week100-1790134837-u019,internal_transfer,,,,6a32b06683703aa1023b98e433a8b37e6baa7dacee84c52520e1db4072a7efe733bbacc9c494ec22592a2302dbbea343d9b37fd0799cf1e28c593a64d3ccd973,8ad339f6d919f0a60c900df9d7373ee454245422641490bbed978641b693dc07b18bc1a79065fbb94e1235d2f37f8b27f67c7439fb66ab1fa56a63b196e4abb0
1790134844053,market_trade,week100-1790134837-m2:trade:1,week100-1790134837-m2,week100-1790134837-u019,YES,5.05,USDC,,,
1790134844063,receipt,rcpt_9fb7a51f4d8cebb981af,,week100-1790134837-u020,internal_transfer,,,,9fb7a51f4d8cebb981af2ad891afb3b14bc11941a0c49bf213d2972ce329d3d01e8c7bc2dac0f518ec1443cc8563f2bbd304c03d90c4f81caf1cb7ad1ec737fd,6a32b06683703aa1023b98e433a8b37e6baa7dacee84c52520e1db4072a7efe733bbacc9c494ec22592a2302dbbea343d9b37fd0799cf1e28c593a64d3ccd973
1790134844074,receipt,rcpt_756ec8254dc44874df22,,week100-1790134837-u020,internal_transfer,,,,756ec8254dc44874df2243996afa90242ae8934a68ed5a8bc8b506b09885c04ccf27f44217f3c72284a84f54af513477ee6b4d6269e8346c4cc80cb6eb2edc2c,9fb7a51f4d8cebb981af2ad891afb3b14bc11941a0c49bf213d2972ce329d3d01e8c7bc2dac0f518ec1443cc8563f2bbd304c03d90c4f81caf1cb7ad1ec737fd
1790134844085,market_trade,week100-1790134837-m3:trade:0,week100-1790134837-m3,week100-1790134837-u020,NO,5.05,USDC,,,
1790134844104,receipt,rcpt_45dd8e4ee53ab9548d97,,week100-1790134837-u021,internal_transfer,,,,45dd8e4ee53ab9548d97bf2dc94b983d4f8c472da0a58c8a3d1be463beac9eb510055ebf445a2e27eec55c5dab1e4c6de41aae11ace52c540ae68b2e5f5a0d88,756ec8254dc44874df2243996afa90242ae8934a68ed5a8bc8b506b09885c04ccf27f44217f3c72284a84f54af513477ee6b4d6269e8346c4cc80cb6eb2edc2c
1790134844190,receipt,rcpt_47e7a3f392704dc99efd,,week100-1790134837-u021,internal_transfer,,,,47e7a3f392704dc99efdb8c2a89d5e4c1f531e204d4b8fd2f0680fb569d55ec570640c6f1cdf21e1fed330611ed078297184dc4c80ec6f53bdd364f1f4331c76,45dd8e4ee53ab9548d97bf2dc94b983d4f8c472da0a58c8a3d1be463beac9eb510055ebf445a2e27eec55c5dab1e4c6de41aae11ace52c540ae68b2e5f5a0d88
1790134844211,market_trade,week100-1790134837-m4:trade:0,week100-1790134837-m4,week100-1790134837-u021,YES,5.05,USDC,,,
1790134844240,receipt,rcpt_706d88e0fb7e0ee1e776,,week100-1790134837-u029,internal_transfer,,,,706d88e0fb7e0ee1e776244b11cdb95990fdc1a6d666f4900274d16704e198fe441aebd0a47be05f0fe177209bb3a30e6a0b2fdb46915ce9b433b4932d2b1e69,47e7a3f392704dc99efdb8c2a89d5e4c1f531e204d4b8fd2f0680fb569d55ec570640c6f1cdf21e1fed330611ed078297184dc4c80ec6f53bdd364f1f4331c76
1790134844267,receipt,rcpt_bc36427fd8efc7343aed,,week100-1790134837-u029,internal_transfer,,,,bc36427fd8efc7343aed0cbeb650a65bba355734e0b94e12f8efc87170e22564c637b70c010d0610cb7b741039165ec7d3cbadf61508ed897e510d43f54fbd0d,706d88e0fb7e0ee1e776244b11cdb95990fdc1a6d666f4900274d16704e198fe441aebd0a47be05f0fe177209bb3a30e6a0b2fdb46915ce9b433b4932d2b1e69
1790134844289,market_trade,week100-1790134837-m4:trade:1,week100-1790134837-m4,week100-1790134837-u029,YES,5.05,USDC,,,
1790134844308,receipt,rcpt_cfb8a57b5adb75f3c74b,,week100-1790134837-u030,internal_transfer,,,,cfb8a57b5adb75f3c74b1d04d56f44ecbedc316b87743a1fb4c5a67a4dd63e7260ce7d6b6a887dfe4c2b2f59bca0b2657eb4ef1af78ed7d0b23c49e12b6daf4a,bc36427fd8efc7343aed0cbeb650a65bba355734e0b94e12f8efc87170e22564c637b70c010d0610cb7b741039165ec7d3cbadf61508ed897e510d43f54fbd0d
1790134844342,receipt,rcpt_e70ce24d9461992b2183,,week100-1790134837-u030,internal_transfer,,,,e70ce24d9461992b21835fe505dcb17f7478eeea0cb1e0a5dfe08e7716fdc5490a2ed39e75c55f37cf004a144f7491829644b2ab45e2b3563258ed5f832962db,cfb8a57b5adb75f3c74b1d04d56f44ecbedc316b87743a1fb4c5a67a4dd63e7260ce7d6b6a887dfe4c2b2f59bca0b2657eb4ef1af78ed7d0b23c49e12b6daf4a
1790134844364,market_trade,week100-1790134837-m5:trade:0,week100-1790134837-m5,week100-1790134837-u030,NO,5.05,USDC,,,
1790134844383,receipt,rcpt_e0bcb545744101eb2462,,week100-1790134837-u031,internal_transfer,,,,e0bcb545744101eb24628bbbdef2972119c44c157c3446aba1dd2367fd81464231abe1dffab8c55463156cb114832835138cb76019ae6b68684e9fde95d1dbd3,e70ce24d9461992b21835fe505dcb17f7478eeea0cb1e0a5dfe08e7716fdc5490a2ed39e75c55f37cf004a144f7491829644b2ab45e2b3563258ed5f832962db
1790134844414,receipt,rcpt_198897317f2364cddc78,,week100-1790134837-u031,internal_transfer,,,,198897317f2364cddc78631c04259350f7de7ff4d4d33252fe6deaff7e1922733bf8b2d5793530780842fa1a1b26dfaf1981fd0c3dd72f2140cd052a3c87a3e6,e0bcb545744101eb24628bbbdef2972119c44c157c3446aba1dd2367fd81464231abe1dffab8c55463156cb114832835138cb76019ae6b68684e9fde95d1dbd3
1790134844433,market_trade,week100-1790134837-m6:trade:0,week100-1790134837-m6,week100-1790134837-u031,YES,5.05,USDC,,,
1790134844468,receipt,rcpt_3f75a25261080d4f7fd0,,week100-1790134837-u039,internal_transfer,,,,3f75a25261080d4f7fd0ae2c33a7c1ab2240e5f280f2d9effc28b6f4c79f8a95f5026c114707a9ac7a2b15ec521729c0257f1729b409b4acca7892edb95d2f0a,198897317f2364cddc78631c04259350f7de7ff4d4d33252fe6deaff7e1922733bf8b2d5793530780842fa1a1b26dfaf1981fd0c3dd72f2140cd052a3c87a3e6
1790134844499,receipt,rcpt_02ed46c93a681528b759,,week100-1790134837-u039,internal_transfer,,,,02ed46c93a681528b75997637aaffcc826f28a843687269bf2d5fbd958a036da58f4094f28dcbded566a6f191f799a13d35095970f5ea7ef044a9e68791d5c43,3f75a25261080d4f7fd0ae2c33a7c1ab2240e5f280f2d9effc28b6f4c79f8a95f5026c114707a9ac7a2b15ec521729c0257f1729b409b4acca7892edb95d2f0a
1790134844522,market_trade,week100-1790134837-m6:trade:1,week100-1790134837-m6,week100-1790134837-u039,YES,5.05,USDC,,,
1790134844547,receipt,rcpt_b5bae3b2a6d2ff050289,,week100-1790134837-u040,internal_transfer,,,,b5bae3b2a6d2ff0502891d2dc2d86f6f294d01742d1641109eb1c19ab7fd979657a9fded5f66eb20d81eb6ff84ca70291e6d4f049668bb42e112e49f3615e323,02ed46c93a681528b75997637aaffcc826f28a843687269bf2d5fbd958a036da58f4094f28dcbded566a6f191f799a13d35095970f5ea7ef044a9e68791d5c43
1790134844583,receipt,rcpt_9a15e70a7cc4c483c37b,,week100-1790134837-u040,internal_transfer,,,,9a15e70a7cc4c483c37b3df08b9f222865b2363b7dbde74389efd77ce67ca7c69b984c2b7e221fe93d9737e0b6f8869ea820690d16c0a342ad9fbef9e75bba13,b5bae3b2a6d2ff0502891d2dc2d86f6f294d01742d1641109eb1c19ab7fd979657a9fded5f66eb20d81eb6ff84ca70291e6d4f049668bb42e112e49f3615e323
1790134844950,market_trade,week100-1790134837-m7:trade:0,week100-1790134837-m7,week100-1790134837-u040,NO,5.05,USDC,,,
1790134844972,receipt,rcpt_6a274f20e859b5d2a964,,week100-1790134837-u041,internal_transfer,,,,6a274f20e859b5d2a96478f0972912ef20fab4b66c9b19afa0aae958d0cec76fbe9126955209c7256241ebaad5f186adc5a64a5f2a693c4e58698d8687402c8b,9a15e70a7cc4c483c37b3df08b9f222865b2363b7dbde74389efd77ce67ca7c69b984c2b7e221fe93d9737e0b6f8869ea820690d16c0a342ad9fbef9e75bba13
1790134845008,receipt,rcpt_77735eaf99f84849c78e,,week100-1790134837-u041,internal_transfer,,,,77735eaf99f84849c78ead4c337363b495af091416bb025468e289993ebebdeeb3f3db2b4dc45adca163b1261243398541e6fb689db1423449ba3cc4f5e94cab,6a274f20e859b5d2a96478f0972912ef20fab4b66c9b19afa0aae958d0cec76fbe9126955209c7256241ebaad5f186adc5a64a5f2a693c4e58698d8687402c8b
1790134845032,market_trade,week100-1790134837-m0:trade:2,week100-1790134837-m0,week100-1790134837-u041,YES,5.05,USDC,,,
1790134845069,receipt,rcpt_b98f13587e94fd28a5ac,,week100-1790134837-u049,internal_transfer,,,,b98f13587e94fd28a5ace80fe426483a1c2f896f226b15db1ed69a991df9e649f552a8588203758e37675c3ce68e8c3212b821dcc5c506a49b2e4bd05bc083f7,77735eaf99f84849c78ead4c337363b495af091416bb025468e289993ebebdeeb3f3db2b4dc45adca163b1261243398541e6fb689db1423449ba3cc4f5e94cab
1790134845102,receipt,rcpt_8dbae0fd522ca1f4dee2,,week100-1790134837-u049,internal_transfer,,,,8dbae0fd522ca1f4dee28ed1e5c3242cec9b04515f465f4d5a683c000dc7d9f2d59ea87b8140129fef1d2cdcb1c6196d203b3e875f2555d54a464b5d1b80fe4a,b98f13587e94fd28a5ace80fe426483a1c2f896f226b15db1ed69a991df9e649f552a8588203758e37675c3ce68e8c3212b821dcc5c506a49b2e4bd05bc083f7
1790134845122,market_trade,week100-1790134837-m0:trade:3,week100-1790134837-m0,week100-1790134837-u049,YES,5.05,USDC,,,
1790134845142,receipt,rcpt_b4d3f40d91d02bd25ff2,,week100-1790134837-u050,internal_transfer,,,,b4d3f40d91d02bd25ff2b2c5cc18f46cfc60de0821c4f8a44fccce5c84f1e66cf4ac012c9d776d15cae3112b3847302f9f8b0a3b847eaeece20ab65bf578ca11,8dbae0fd522ca1f4dee28ed1e5c3242cec9b04515f465f4d5a683c000dc7d9f2d59ea87b8140129fef1d2cdcb1c6196d203b3e875f2555d54a464b5d1b80fe4a
1790134845170,receipt,rcpt_7d71320215d0ce593b6a,,week100-1790134837-u050,internal_transfer,,,,7d71320215d0ce593b6a90ce7e317887bf1c7a876f12521e279fda71d0ad80c19ad7c5dfa15f5d46ce06829773f2abeddf6c6ee684eabc25780bea6bcb35159e,b4d3f40d91d02bd25ff2b2c5cc18f46cfc60de0821c4f8a44fccce5c84f1e66cf4ac012c9d776d15cae3112b3847302f9f8b0a3b847eaeece20ab65bf578ca11
1790134845191,market_trade,week100-1790134837-m1:trade:1,week100-1790134837-m1,week100-1790134837-u050,NO,5.05,USDC,,,
1790134845205,receipt,rcpt_d9705c2aab357608c3de,,week100-1790134837-u051,internal_transfer,,,,d9705c2aab357608c3dec58f5882db785c7ec15e2e2134edba1528b8f04fd6e9f7bf3ee574853b32088b404f2cc9edf262297ceebdd195b6c2f56c965aa262e3,7d71320215d0ce593b6a90ce7e317887bf1c7a876f12521e279fda71d0ad80c19ad7c5dfa15f5d46ce06829773f2abeddf6c6ee684eabc25780bea6bcb35159e
1790134845239,receipt,rcpt_39b9e913285d0a02341f,,week100-1790134837-u051,internal_transfer,,,,39b9e913285d0a02341f1afb5a2d13f9c7d247c0b20a7ea387f1cf89cebb3832e582e9fc250234bbcf5e4fb570c723f272d8911d2106dae034666db07f10f2fb,d9705c2aab357608c3dec58f5882db785c7ec15e2e2134edba1528b8f04fd6e9f7bf3ee574853b32088b404f2cc9edf262297ceebdd195b6c2f56c965aa262e3
1790134845262,market_trade,week100-1790134837-m2:trade:2,week100-1790134837-m2,week100-1790134837-u051,YES,5.05,USDC,,,
1790134845290,receipt,rcpt_96f19ea582165d11a8ab,,week100-1790134837-u059,internal_transfer,,,,96f19ea582165d11a8abcdc0d824e23ba2ed41e9f436aebdb52d77fbb263e3134b75c8f2f6a2f34b5278d834d8c64fde9072cc4f1c8a1eeaa8b93020238682a6,39b9e913285d0a02341f1afb5a2d13f9c7d247c0b20a7ea387f1cf89cebb3832e582e9fc250234bbcf5e4fb570c723f272d8911d2106dae034666db07f10f2fb
1790134845323,receipt,rcpt_873b9dd220542cdc96a1,,week100-1790134837-u059,internal_transfer,,,,873b9dd220542cdc96a1fc8cea5be90428f36e13af1a5a1d148d1eff387ba9155cf86052b0fb1e0656e52d8ac680ce104d2482667db25ad28a7b6832f87e06e1,96f19ea582165d11a8abcdc0d824e23ba2ed41e9f436aebdb52d77fbb263e3134b75c8f2f6a2f34b5278d834d8c64fde9072cc4f1c8a1eeaa8b93020238682a6
1790134845344,market_trade,week100-1790134837-m2:trade:3,week100-1790134837-m2,week100-1790134837-u059,YES,5.05,USDC,,,
1790134845364,receipt,rcpt_bf9f452acf0fb3dd5122,,week100-1790134837-u060,internal_transfer,,,,bf9f452acf0fb3dd51221f4a0c767b55c5b7c40739686e7ef06c49246dae95bb02d876fe876a91ce2ad81e56bce91b4007f72bfffb563cfb895b2586c92a7158,873b9dd220542cdc96a1fc8cea5be90428f36e13af1a5a1d148d1eff387ba9155cf86052b0fb1e0656e52d8ac680ce104d2482667db25ad28a7b6832f87e06e1
1790134845392,receipt,rcpt_2b8745fe31be14b433c6,,week100-1790134837-u060,internal_transfer,,,,2b8745fe31be14b433c6428557098c50110ffe1992ed6ecdb6027b76bca05e6a9e41278c5b3b4c7c5b063e3d78bcc04b9c7203cafb52eb387c96a52f902c99d6,bf9f452acf0fb3dd51221f4a0c767b55c5b7c40739686e7ef06c49246dae95bb02d876fe876a91ce2ad81e56bce91b4007f72bfffb563cfb895b2586c92a7158
1790134845414,market_trade,week100-1790134837-m3:trade:1,week100-1790134837-m3,week100-1790134837-u060,NO,5.05,USDC,,,
1790134845435,receipt,rcpt_8fd712bd442b74ffa792,,week100-1790134837-u061,internal_transfer,,,,8fd712bd442b74ffa7922508c36e53d8d5d006a9376014dfa35f0e6ea82d30a84f22de66778cc5295be4a5714454a99b8dcbdc5307282855322c22966127f3d2,2b8745fe31be14b433c6428557098c50110ffe1992ed6ecdb6027b76bca05e6a9e41278c5b3b4c7c5b063e3d78bcc04b9c7203cafb52eb387c96a52f902c99d6
1790134845462,receipt,rcpt_e5fdbec595ce6a97a0be,,week100-1790134837-u061,internal_transfer,,,,e5fdbec595ce6a97a0be9782bcf25b70786826c6a0879eb5abc95e1e4fbc0bbe4ac38e8546b4e8d7a8bc9f32bcd6b3e3c647a344ee858fc39a0dba5bf87ff370,8fd712bd442b74ffa7922508c36e53d8d5d006a9376014dfa35f0e6ea82d30a84f22de66778cc5295be4a5714454a99b8dcbdc5307282855322c22966127f3d2
1790134845485,market_trade,week100-1790134837-m4:trade:2,week100-1790134837-m4,week100-1790134837-u061,YES,5.05,USDC,,,
1790134845515,receipt,rcpt_2586f21383254dd1a799,,week100-1790134837-u069,internal_transfer,,,,2586f21383254dd1a7990d383d8b606bbb0d23a6b0bcf48bc7e7d5657c88aa284456cb16c24751a94d4307bde54a3fa5cb6404ded669d4c350d19bd3edd77b33,e5fdbec595ce6a97a0be9782bcf25b70786826c6a0879eb5abc95e1e4fbc0bbe4ac38e8546b4e8d7a8bc9f32bcd6b3e3c647a344ee858fc39a0dba5bf87ff370
1790134845544,receipt,rcpt_ca0624a686b7d7230e49,,week100-1790134837-u069,internal_transfer,,,,ca0624a686b7d7230e49812be3e38a222cffe52580b640e7211dfd9cf16d3b0d7f14d8f458a9a034100cc2f224fa96db87e2c46ad6f9018d475410464c3ccbfc,2586f21383254dd1a7990d383d8b606bbb0d23a6b0bcf48bc7e7d5657c88aa284456cb16c24751a94d4307bde54a3fa5cb6404ded669d4c350d19bd3edd77b33
1790134845917,market_trade,week100-1790134837-m4:trade:3,week100-1790134837-m4,week100-1790134837-u069,YES,5.05,USDC,,,
1790134845930,receipt,rcpt_ff5fb5eaf16ae7cffa17,,week100-1790134837-u070,internal_transfer,,,,ff5fb5eaf16ae7cffa173c6619ee98ea0a5059226821b4174e6bf0bef72a113ab274179ddba0ade3658f85a69266cda227a3e5850e13962d948f07aedf252b99,ca0624a686b7d7230e49812be3e38a222cffe52580b640e7211dfd9cf16d3b0d7f14d8f458a9a034100cc2f224fa96db87e2c46ad6f9018d475410464c3ccbfc
1790134845963,receipt,rcpt_547ba2043971459832a8,,week100-1790134837-u070,internal_transfer,,,,547ba2043971459832a89c5ef8901958ad458ea00572655ff077f0acc6da00d056552d21aa4f0332ff6759550f18034983f23bd686c2fb95e1a1c43774cb4f00,ff5fb5eaf16ae7cffa173c6619ee98ea0a5059226821b4174e6bf0bef72a113ab274179ddba0ade3658f85a69266cda227a3e5850e13962d948f07aedf252b99
1790134845994,market_trade,week100-1790134837-m5:trade:1,week100-1790134837-m5,week100-1790134837-u070,NO,5.05,USDC,,,
1790134846014,receipt,rcpt_96fea71810c915a258b7,,week100-1790134837-u071,internal_transfer,,,,96fea71810c915a258b79b3470df203251bec5498d0f511f1911230c10a9ed386316bfeb13192dcdd61fd7a43fe8d16ef3b0eeeb2ba49b0fe30c76a1a184a4c6,547ba2043971459832a89c5ef8901958ad458ea00572655ff077f0acc6da00d056552d21aa4f0332ff6759550f18034983f23bd686c2fb95e1a1c43774cb4f00
1790134846045,receipt,rcpt_bb9a2865abfed206d3ea,,week100-1790134837-u071,internal_transfer,,,,bb9a2865abfed206d3ea233b3645c28bd87ffadcab38af809b074c349f8750073becdaf6b4fbae7c61d7bef39e3766b6c120ccf8d9d025b181bc37d1de5a3ece,96fea71810c915a258b79b3470df203251bec5498d0f511f1911230c10a9ed386316bfeb13192dcdd61fd7a43fe8d16ef3b0eeeb2ba49b0fe30c76a1a184a4c6
1790134846069,market_trade,week100-1790134837-m6:trade:2,week100-1790134837-m6,week100-1790134837-u071,YES,5.05,USDC,,,
1790134846098,receipt,rcpt_aade98c7082bf25ed842,,week100-1790134837-u079,internal_transfer,,,,aade98c7082bf25ed84290d91e8e11e90500ed856b0635d0a70575144c4e692a5be37c4be6f3cb7ddd921bf1034cdca2e97eb5e2730858df58424570f403214d,bb9a2865abfed206d3ea233b3645c28bd87ffadcab38af809b074c349f8750073becdaf6b4fbae7c61d7bef39e3766b6c120ccf8d9d025b181bc37d1de5a3ece
1790134846136,receipt,rcpt_aa9115b9378b961edb39,,week100-1790134837-u079,internal_transfer,,,,aa9115b9378b961edb39343d178871013527c58cfcdf824574e0a962631dbb603de46f3ed9ca1e2ddb4c73a3f1e9c65f0a4e32641b87e07d784cee4febbd2e3a,aade98c7082bf25ed84290d91e8e11e90500ed856b0635d0a70575144c4e692a5be37c4be6f3cb7ddd921bf1034cdca2e97eb5e2730858df58424570f403214d
1790134846159,market_trade,week100-1790134837-m6:trade:3,week100-1790134837-m6,week100-1790134837-u079,YES,5.05,USDC,,,
1790134846172,receipt,rcpt_1ba8cfc2b9fc54859c10,,week100-1790134837-u080,internal_transfer,,,,1ba8cfc2b9fc54859c10e4ca0afc06eea74f9a7cbbcabd466b062d1ae09fa869f751065e74bece7e482c386bb6a44d63851a6b9045c6e705c34bef58112a771f,aa9115b9378b961edb39343d178871013527c58cfcdf824574e0a962631dbb603de46f3ed9ca1e2ddb4c73a3f1e9c65f0a4e32641b87e07d784cee4febbd2e3a
1790134846207,receipt,rcpt_1291d9cb5d16ab81b195,,week100-1790134837-u080,internal_transfer,,,,1291d9cb5d16ab81b195e491677c40c5e51f58b91afaeb7c7d04e733d8f377d69aa706459d81226b812223e8ac87d8eb4a753954aa0fc64beabc8c7e633e8965,1ba8cfc2b9fc54859c10e4ca0afc06eea74f9a7cbbcabd466b062d1ae09fa869f751065e74bece7e482c386bb6a44d63851a6b9045c6e705c34bef58112a771f
1790134846229,market_trade,week100-1790134837-m7:trade:1,week100-1790134837-m7,week100-1790134837-u080,NO,5.05,USDC,,,
1790134846243,receipt,rcpt_2c281972b24f8309c1e1,,week100-1790134837-u081,internal_transfer,,,,2c281972b24f8309c1e17219b50f05b7fc9fcbe39fcd4a8a5e9e951ea3517401b27343a1eba75fac4a20ccb5a718740a5709d26223e0ae07873ccccee865ee01,1291d9cb5d16ab81b195e491677c40c5e51f58b91afaeb7c7d04e733d8f377d69aa706459d81226b812223e8ac87d8eb4a753954aa0fc64beabc8c7e633e8965
1790134846271,receipt,rcpt_326bacadf0f85688f504,,week100-1790134837-u081,internal_transfer,,,,326bacadf0f85688f504141da5e71b3085a7de8f7b8cbe1d2e9caf878e499f78391663c65cacafdc88f7f46e59452fa99761e45f98fa2cccabe367653a96ee3f,2c281972b24f8309c1e17219b50f05b7fc9fcbe39fcd4a8a5e9e951ea3517401b27343a1eba75fac4a20ccb5a718740a5709d26223e0ae07873ccccee865ee01
1790134846293,market_trade,week100-1790134837-m0:trade:4,week100-1790134837-m0,week100-1790134837-u081,YES,5.05,USDC,,,
1790134846326,receipt,rcpt_6d4ef6ae7925479e553c,,week100-1790134837-u089,internal_transfer,,,,6d4ef6ae7925479e553c439629813e78482d13af4b823620dc14fd39b93a631db0ae4434112e9e261cb024ddd562c94d7fb34487476a6e50c06ad19e38ec86bf,326bacadf0f85688f504141da5e71b3085a7de8f7b8cbe1d2e9caf878e499f78391663c65cacafdc88f7f46e59452fa99761e45f98fa2cccabe367653a96ee3f
1790134846354,receipt,rcpt_9f3d815b75849a6cd0e0,,week100-1790134837-u089,internal_transfer,,,,9f3d815b75849a6cd0e0f54e560fc18abea0306c63b4ce15485de5b85fb033322778123034f042fe9e8d1873b8951e046890908724b09548274fcb7407c6e869,6d4ef6ae7925479e553c439629813e78482d13af4b823620dc14fd39b93a631db0ae4434112e9e261cb024ddd562c94d7fb34487476a6e50c06ad19e38ec86bf
1790134846377,market_trade,week100-1790134837-m0:trade:5,week100-1790134837-m0,week100-1790134837-u089,YES,5.05,USDC,,,
1790134846390,receipt,rcpt_f4668987215fd2ea37af,,week100-1790134837-u090,internal_transfer,,,,f4668987215fd2ea37af8e6e19ed6935117452a1b524519edf4fab1e1a79934df063698f6b7e06a0cf0b42c3eb9d0f56dd62b0d1dcb2d076caa24ad08e7b703d,9f3d815b75849a6cd0e0f54e560fc18abea0306c63b4ce15485de5b85fb033322778123034f042fe9e8d1873b8951e046890908724b09548274fcb7407c6e869
1790134846426,receipt,rcpt_17af7a9e9d708e1e8a7a,,week100-1790134837-u090,internal_transfer,,,,17af7a9e9d708e1e8a7ad23083fd5b1e29fcc9cdbcb20a3009c5c101b987ebdcebe739f0f249ee4abd42369f6bb6f2aa7e7b8d474fd6016a49325d8f4e751a56,f4668987215fd2ea37af8e6e19ed6935117452a1b524519edf4fab1e1a79934df063698f6b7e06a0cf0b42c3eb9d0f56dd62b0d1dcb2d076caa24ad08e7b703d
1790134846449,market_trade,week100-1790134837-m1:trade:2,week100-1790134837-m1,week100-1790134837-u090,NO,5.05,USDC,,,
1790134846469,receipt,rcpt_9ea45d7d16f817f80307,,week100-1790134837-u091,internal_transfer,,,,9ea45d7d16f817f80307f921f196f6304b8b23fd9239a0249d586695b946361e1db2a0994d6143f6a3880bb7288fd40e4df496afcb838d221f664a865891a040,17af7a9e9d708e1e8a7ad23083fd5b1e29fcc9cdbcb20a3009c5c101b987ebdcebe739f0f249ee4abd42369f6bb6f2aa7e7b8d474fd6016a49325d8f4e751a56
1790134846497,receipt,rcpt_2c758dcfe74f6870c5d3,,week100-1790134837-u091,internal_transfer,,,,2c758dcfe74f6870c5d37e7fb516b7cef977e56137f25fb4304b46fcdbe256b0953b32c3301a378cb2def0701014757ba01f9090499e577e980826d38c6f6438,9ea45d7d16f817f80307f921f196f6304b8b23fd9239a0249d586695b946361e1db2a0994d6143f6a3880bb7288fd40e4df496afcb838d221f664a865891a040
1790134846913,market_trade,week100-1790134837-m2:trade:4,week100-1790134837-m2,week100-1790134837-u091,YES,5.05,USDC,,,
1790134846948,receipt,rcpt_c3d843a61244901a56ef,,week100-1790134837-u099,internal_transfer,,,,c3d843a61244901a56efd9259696c42c98c8b4f57c9cf9b67ae674d66d5105ff1836bf1670ac9977d5a0f9c4291fe26e00f2caceb867eab04a3a76e6a9e78859,2c758dcfe74f6870c5d37e7fb516b7cef977e56137f25fb4304b46fcdbe256b0953b32c3301a378cb2def0701014757ba01f9090499e577e980826d38c6f6438
1790134846980,receipt,rcpt_63d8757ab18423c0a981,,week100-1790134837-u099,internal_transfer,,,,63d8757ab18423c0a981c42747e0d33de240968b5c842e6336c1e2cb91238d4818e78322648b2b735d6fd6ec156839e8db224ab1e9a5433eb15ca34b55f1dd61,c3d843a61244901a56efd9259696c42c98c8b4f57c9cf9b67ae674d66d5105ff1836bf1670ac9977d5a0f9c4291fe26e00f2caceb867eab04a3a76e6a9e78859
1790134847003,market_trade,week100-1790134837-m2:trade:5,week100-1790134837-m2,week100-1790134837-u099,YES,5.05,USDC,,,
1790134847019,receipt,rcpt_26f26f02935efccba173,,week100-1790134837-u100,internal_transfer,,,,26f26f02935efccba1735e370eba015fce3b2aea3d4043811f4fbe131116a3e3955dabb11ba63ece44a5265adf86ca8a7bd13ea9b0568acd9ab590d0e497ad33,63d8757ab18423c0a981c42747e0d33de240968b5c842e6336c1e2cb91238d4818e78322648b2b735d6fd6ec156839e8db224ab1e9a5433eb15ca34b55f1dd61
1790134847049,receipt,rcpt_c96221c4999f3c7e6fa8,,week100-1790134837-u100,internal_transfer,,,,c96221c4999f3c7e6fa878e8dd1b63d6d31fbc6dfd369460b073d9e6c288f7f743b64988bbe67d596232f799e2b43fcd775e58b38d20623ba272d74c1d17f08d,26f26f02935efccba1735e370eba015fce3b2aea3d4043811f4fbe131116a3e3955dabb11ba63ece44a5265adf86ca8a7bd13ea9b0568acd9ab590d0e497ad33
1790134847073,market_trade,week100-1790134837-m3:trade:2,week100-1790134837-m3,week100-1790134837-u100,NO,5.05,USDC,,,
1790134852516,receipt,rcpt_2cbe4afee87b98c24ae6,,week100-1790134837-u003,internal_transfer,,,,2cbe4afee87b98c24ae68405bee827bfad2d8c3c02c6a9f90a5f9b16edafe0f53bd356d8931c92bffa2e2170dbe80a81d5bdf41148b6bd502a32b82705f6ff22,c96221c4999f3c7e6fa878e8dd1b63d6d31fbc6dfd369460b073d9e6c288f7f743b64988bbe67d596232f799e2b43fcd775e58b38d20623ba272d74c1d17f08d
1790134854318,receipt,rcpt_ae16c300b68ea3254ccd,,week100-1790134837-u007,internal_transfer,,,,ae16c300b68ea3254ccd9a6529f6897ce5f9f291bfb68b33baaf096422540e707eddcafe895b84e43d5886eb6874d825fc3cae29929a79841f2ec01a221e36cc,2cbe4afee87b98c24ae68405bee827bfad2d8c3c02c6a9f90a5f9b16edafe0f53bd356d8931c92bffa2e2170dbe80a81d5bdf41148b6bd502a32b82705f6ff22
1790134856478,receipt,rcpt_9b3bb4632cb2a40c85d4,,week100-1790134837-u013,internal_transfer,,,,9b3bb4632cb2a40c85d4894a20f9509433ec1f0b5b773d955ca6a6cd8d24cdf960837922562e03d22f92a8c395f4a737cf92904d0f8c58ca753cba6f816e7455,ae16c300b68ea3254ccd9a6529f6897ce5f9f291bfb68b33baaf096422540e707eddcafe895b84e43d5886eb6874d825fc3cae29929a79841f2ec01a221e36cc
1790134857918,receipt,rcpt_5b6b0af881bb954c2abd,,week100-1790134837-u017,internal_transfer,,,,5b6b0af881bb954c2abdde64b934179e4360c4514018dc271efaf9084310f925875ca85d2efa079709b78e91f940c48fc15668542029d9dab3013a0527c6e1ac,9b3bb4632cb2a40c85d4894a20f9509433ec1f0b5b773d955ca6a6cd8d24cdf960837922562e03d22f92a8c395f4a737cf92904d0f8c58ca753cba6f816e7455
1790134860010,receipt,rcpt_36932d66967c3fddef35,,week100-1790134837-u023,internal_transfer,,,,36932d66967c3fddef3541cae0deabbdbcb9713e1cfa786675ebc12ebfbbaa070146e3206d96fdd49a4300c36015a364f2a64f5753ede73ce2782503b2b66bba,5b6b0af881bb954c2abdde64b934179e4360c4514018dc271efaf9084310f925875ca85d2efa079709b78e91f940c48fc15668542029d9dab3013a0527c6e1ac
1790134861474,receipt,rcpt_8dfbb7513b22cf8b2dfa,,week100-1790134837-u027,internal_transfer,,,,8dfbb7513b22cf8b2dfacba5c5771781c4f6e99ad815d38a95aa85fd72bb7f31ec647108592325f1631da8d850c9eb0446515649daaad44ca8a1dc590dd172c7,36932d66967c3fddef3541cae0deabbdbcb9713e1cfa786675ebc12ebfbbaa070146e3206d96fdd49a4300c36015a364f2a64f5753ede73ce2782503b2b66bba
1790134863625,receipt,rcpt_671869b6d50b23cb2940,,week100-1790134837-u033,internal_transfer,,,,671869b6d50b23cb294054fb3b8cc25879943ff603b724846ca559aaacbf07493f47c81cde1d6bdafdff9c962e4cda01170546e149fcc9c2e2e0f6c5c063ac6a,8dfbb7513b22cf8b2dfacba5c5771781c4f6e99ad815d38a95aa85fd72bb7f31ec647108592325f1631da8d850c9eb0446515649daaad44ca8a1dc590dd172c7
1790134865099,receipt,rcpt_9f4937a00c1fbc6919ac,,week100-1790134837-u037,internal_transfer,,,,9f4937a00c1fbc6919ac8b1234379a0c175e2e97c903cfe63855616e9fc5eea54061d41aae29871b7e31a819b7e516e9b247a9686b74142779ba77013cd129d5,671869b6d50b23cb294054fb3b8cc25879943ff603b724846ca559aaacbf07493f47c81cde1d6bdafdff9c962e4cda01170546e149fcc9c2e2e0f6c5c063ac6a
1790134867215,receipt,rcpt_223059696b529540ee54,,week100-1790134837-u043,internal_transfer,,,,223059696b529540ee54699c76c0bd33cdc9d324b7e974a088be18749087c8648ed90a9a51f7252507268bb2bef124cad0e95d0263c9d9e48a291d2e4cc4510c,9f4937a00c1fbc6919ac8b1234379a0c175e2e97c903cfe63855616e9fc5eea54061d41aae29871b7e31a819b7e516e9b247a9686b74142779ba77013cd129d5
1790134868702,receipt,rcpt_c6647187d8d98173d29a,,week100-1790134837-u047,internal_transfer,,,,c6647187d8d98173d29aabcd3c8abae438fcbaa57d994857de01169aa3932448d7a7410c780700fa247c683ed46e9963f2b2644e897b43df03a1cc2fe518e60a,223059696b529540ee54699c76c0bd33cdc9d324b7e974a088be18749087c8648ed90a9a51f7252507268bb2bef124cad0e95d0263c9d9e48a291d2e4cc4510c
1790134870851,receipt,rcpt_6a6548a4b5b0aea9df96,,week100-1790134837-u053,internal_transfer,,,,6a6548a4b5b0aea9df96381305bf8810dfa31bf96528cfc70b281b64cad3285f0b3f9854ed357f5c8063fccd2f4d01fab7b1397b09dac3a1656162e47d4e4c6e,c6647187d8d98173d29aabcd3c8abae438fcbaa57d994857de01169aa3932448d7a7410c780700fa247c683ed46e9963f2b2644e897b43df03a1cc2fe518e60a
1790134872253,receipt,rcpt_477fb32778078ab8d777,,week100-1790134837-u057,internal_transfer,,,,477fb32778078ab8d77702b25c2b2e96842b251509d924741d074bc845ddce2761cac731299679451052ee316fdb3305b6294c2cd10113fe705700d47fa7eaf5,6a6548a4b5b0aea9df96381305bf8810dfa31bf96528cfc70b281b64cad3285f0b3f9854ed357f5c8063fccd2f4d01fab7b1397b09dac3a1656162e47d4e4c6e
1790134874610,receipt,rcpt_458ee51a16467f2df911,,week100-1790134837-u063,internal_transfer,,,,458ee51a16467f2df911024126cd72ba0a0cd92dafd256734a67353ea6d38ebdde9b1fc6f78f562d0c11ca4bacabe9fb4e446e5e0aeebf788113d26500612856,477fb32778078ab8d77702b25c2b2e96842b251509d924741d074bc845ddce2761cac731299679451052ee316fdb3305b6294c2cd10113fe705700d47fa7eaf5
1790134876041,receipt,rcpt_1b8a414832b14adb582c,,week100-1790134837-u067,internal_transfer,,,,1b8a414832b14adb582c6ab93e774fecc47990aabb73e70a969fa0872b75aa67ff5243722a97a0098cd9166f9a744dcb5b4678a317e6a945963aa600f477b4a5,458ee51a16467f2df911024126cd72ba0a0cd92dafd256734a67353ea6d38ebdde9b1fc6f78f562d0c11ca4bacabe9fb4e446e5e0aeebf788113d26500612856
1790134878190,receipt,rcpt_ab168a00a1a32273661d,,week100-1790134837-u073,internal_transfer,,,,ab168a00a1a32273661d25a3686ba9e0d8d865d51a866da0bff0a28a5f51bdadb8803cfe70310580aa297cfa40c969dd8c580268fed8fa9d2cc0604e5fe5001e,1b8a414832b14adb582c6ab93e774fecc47990aabb73e70a969fa0872b75aa67ff5243722a97a0098cd9166f9a744dcb5b4678a317e6a945963aa600f477b4a5
1790134879640,receipt,rcpt_2c9ac07ed2aded94a557,,week100-1790134837-u077,internal_transfer,,,,2c9ac07ed2aded94a557633bd35c7b1bd135ac56aa3fa3d2fd5d03177f4cc92b6a9f1324aa8d17f7cf7b967d4306582b1f9be1c9d1a87777e9fbfcd688620703,ab168a00a1a32273661d25a3686ba9e0d8d865d51a866da0bff0a28a5f51bdadb8803cfe70310580aa297cfa40c969dd8c580268fed8fa9d2cc0604e5fe5001e
1790134881721,receipt,rcpt_29f83f0ba7af593431e3,,week100-1790134837-u083,internal_transfer,,,,29f83f0ba7af593431e36b6b2f1e4b2c82591a1dd065da89551fc422d0dcaa8de40e2d059c6383588ef66739eb40619800af3009ee20dc426b73b4cc22ade18a,2c9ac07ed2aded94a557633bd35c7b1bd135ac56aa3fa3d2fd5d03177f4cc92b6a9f1324aa8d17f7cf7b967d4306582b1f9be1c9d1a87777e9fbfcd688620703
1790134883194,receipt,rcpt_06811e3323c5ff636d4a,,week100-1790134837-u087,internal_transfer,,,,06811e3323c5ff636d4a5a92a83f3a7986192d9d61a99c852275e2446ddadac7c5e3cdded27c553ee17bae5db042b037309bd405b2000795319a4eec27ac9173,29f83f0ba7af593431e36b6b2f1e4b2c82591a1dd065da89551fc422d0dcaa8de40e2d059c6383588ef66739eb40619800af3009ee20dc426b73b4cc22ade18a
1790134885319,receipt,rcpt_3d80f29110857d232026,,week100-1790134837-u093,internal_transfer,,,,3d80f29110857d2320267db7c709f99cec8717376b041dabab59fd0d763558bb47476f73b26f089ad41b75813a029c4f1e8d2edee5a1eb45574d491963a8b910,06811e3323c5ff636d4a5a92a83f3a7986192d9d61a99c852275e2446ddadac7c5e3cdded27c553ee17bae5db042b037309bd405b2000795319a4eec27ac9173
1790134931887,receipt,rcpt_b344de3dd2ac102f35ee,,week100-1790134837-u097,internal_transfer,,,,b344de3dd2ac102f35eeae2321e753faf238dbc5460734a6bcf2fca0b23091c48dcc6b2b439b5863dffd76f4a94ba074b964944bb42914108b1358429228c84e,3d80f29110857d2320267db7c709f99cec8717376b041dabab59fd0d763558bb47476f73b26f089ad41b75813a029c4f1e8d2edee5a1eb45574d491963a8b910
1790134937896,receipt,rcpt_06c49f028771f6514850,,week100-1790134837-u001,position_transfer,,,,06c49f028771f6514850a2003fb89e96784906459e8b720e9cf1b836ee2c6671cf44d11c6cc3be76976bf76b3600b1a20f4553c5ca40841a44078a21aaeb5271,b344de3dd2ac102f35eeae2321e753faf238dbc5460734a6bcf2fca0b23091c48dcc6b2b439b5863dffd76f4a94ba074b964944bb42914108b1358429228c84e
1790134938226,receipt,rcpt_ae3e160c2a80cd8a90e4,,week100-1790134837-u011,position_transfer,,,,ae3e160c2a80cd8a90e4ca258d9a5ae5e4bca1fab97baf7575f9e52fb76035d5d2b835aaa602581051414f8cd2b43af0a78c597aad8c2968ee9a5585311c50f6,06c49f028771f6514850a2003fb89e96784906459e8b720e9cf1b836ee2c6671cf44d11c6cc3be76976bf76b3600b1a20f4553c5ca40841a44078a21aaeb5271
1790134938280,receipt,rcpt_91b1ff42e51335f63ecb,,week100-1790134837-u021,position_transfer,,,,91b1ff42e51335f63ecbf802df7f571e372986972c24c18527179fbdd6ecb291748d59e7885b982ee737d7f7008798a101ecb7af513a1f7f85bc7cc589372cd7,ae3e160c2a80cd8a90e4ca258d9a5ae5e4bca1fab97baf7575f9e52fb76035d5d2b835aaa602581051414f8cd2b43af0a78c597aad8c2968ee9a5585311c50f6
1790134938333,receipt,rcpt_5892f5a6fef501d49515,,week100-1790134837-u031,position_transfer,,,,5892f5a6fef501d49515f44e1ed070e845a7e1c21b113a04a396512858adc7e9fae2540669fd48dde362ae13566f08c3201235e321882503e224295ec2f9e735,91b1ff42e51335f63ecbf802df7f571e372986972c24c18527179fbdd6ecb291748d59e7885b982ee737d7f7008798a101ecb7af513a1f7f85bc7cc589372cd7
1790134938390,receipt,rcpt_7fdb894d45240197d51b,,week100-1790134837-u041,position_transfer,,,,7fdb894d45240197d51be5adb6f81d03c41b16d5990701a8c46450823b5246dbefa51b35b12c4710873cdc3495a8eb6f1dde6f98e35d37aa4c5c6deef6ef4373,5892f5a6fef501d49515f44e1ed070e845a7e1c21b113a04a396512858adc7e9fae2540669fd48dde362ae13566f08c3201235e321882503e224295ec2f9e735
1790134938448,receipt,rcpt_9c1dcbf480e244e91bef,,week100-1790134837-u051,position_transfer,,,,9c1dcbf480e244e91beff50e474475ff4db2b0c734e3dbdb2a0f9e38744afa01a4406ab4c487300b2ed6231224415f2f3522ab1e5c254f884842ecf57587323c,7fdb894d45240197d51be5adb6f81d03c41b16d5990701a8c46450823b5246dbefa51b35b12c4710873cdc3495a8eb6f1dde6f98e35d37aa4c5c6deef6ef4373
1790134938496,receipt,rcpt_80eecad42766d5234a8e,,week100-1790134837-u061,position_transfer,,,,80eecad42766d5234a8e047f74782b9e109478a14eadfe350dc0c8639f718e2c494297d1b461b4704c51436f8e5dc77f1d18a893db4b943d6256efdee5107912,9c1dcbf480e244e91beff50e474475ff4db2b0c734e3dbdb2a0f9e38744afa01a4406ab4c487300b2ed6231224415f2f3522ab1e5c254f884842ecf57587323c
1790134938567,receipt,rcpt_57e6d95a68a2ab8c3c09,,week100-1790134837-u071,position_transfer,,,,57e6d95a68a2ab8c3c0921d556509f5205631442fbacb162028fb2290c6aab844cc253787c7dd6ed31605bf3ff2b043d5177bea697eec9ba07fcd8852b08bf75,80eecad42766d5234a8e047f74782b9e109478a14eadfe350dc0c8639f718e2c494297d1b461b4704c51436f8e5dc77f1d18a893db4b943d6256efdee5107912
1790134938977,receipt,rcpt_a2a30d64c3f1a7cf4b77,,week100-1790134837-u081,position_transfer,,,,a2a30d64c3f1a7cf4b77a7fd616e787cce33adcb52d2529d1a29e61970a1dd1138a43490d40d58be845271bcf43f29ca0955af6e81c40e22b6a10bf1a06fffed,57e6d95a68a2ab8c3c0921d556509f5205631442fbacb162028fb2290c6aab844cc253787c7dd6ed31605bf3ff2b043d5177bea697eec9ba07fcd8852b08bf75
1790134939053,receipt,rcpt_22440291626f37dca636,,week100-1790134837-u091,position_transfer,,,,22440291626f37dca636d675e5e8c4439898d7e97f0e1121e0d4fe4b9f9b7dbd0529f5241437b21a6bbd6c8338a3c6a671ed3d31a39660378bcfe9db688359c1,a2a30d64c3f1a7cf4b77a7fd616e787cce33adcb52d2529d1a29e61970a1dd1138a43490d40d58be845271bcf43f29ca0955af6e81c40e22b6a10bf1a06fffed
1790134943957,receipt,rcpt_b9a11fa6ee3cad650ebf,,week100-1790134837-u004,collateral_lock,,,,b9a11fa6ee3cad650ebfed34dd13e66bfd34fb0741afc1f4e0965dce4d77dd98393e674951b18708f617f9309512af6965c72d85bc604e79c85194ceddc14423,22440291626f37dca636d675e5e8c4439898d7e97f0e1121e0d4fe4b9f9b7dbd0529f5241437b21a6bbd6c8338a3c6a671ed3d31a39660378bcfe9db688359c1
1790134944653,receipt,rcpt_ddc695f1d8d87e1c1f49,,week100-1790134837-u004,collateral_release,,,,ddc695f1d8d87e1c1f49a9c7c3780d60ced6b3f80b439747127b811215050d4e227f8b803d82b838c11b752a10080a445b50071cd4aea5b1ae58a92656a3ec1d,b9a11fa6ee3cad650ebfed34dd13e66bfd34fb0741afc1f4e0965dce4d77dd98393e674951b18708f617f9309512af6965c72d85bc604e79c85194ceddc14423
1790134945009,receipt,rcpt_550df6cc4653b28c0601,,week100-1790134837-u007,collateral_lock,,,,550df6cc4653b28c06012a9a297fef6b2a9d05541bae7850aef8ab677d4780dc56d87043fc8cd5bf47bd2b65edc462ae65e14dc6f587b325e0179dfdfcea790b,ddc695f1d8d87e1c1f49a9c7c3780d60ced6b3f80b439747127b811215050d4e227f8b803d82b838c11b752a10080a445b50071cd4aea5b1ae58a92656a3ec1d
1790134945390,receipt,rcpt_b2e73ef792036fb256da,,week100-1790134837-u007,collateral_release,,,,b2e73ef792036fb256da8befded396d219380ba181f2a0fa11ea8e7f6db16b69d3406bda5a4953e6d81e648349d2587daa9c99a81a11078665a3d0b6f24d1223,550df6cc4653b28c06012a9a297fef6b2a9d05541bae7850aef8ab677d4780dc56d87043fc8cd5bf47bd2b65edc462ae65e14dc6f587b325e0179dfdfcea790b
1790134946388,receipt,rcpt_f30e9116f0bb81753e84,,week100-1790134837-u014,collateral_lock,,,,f30e9116f0bb81753e8468bb3671881146f2425f2c7e0428dce77234ed052439929217161e68e1cf112ccd965bd10b3be54ae7509128d4dea94bcc0bbad3a116,b2e73ef792036fb256da8befded396d219380ba181f2a0fa11ea8e7f6db16b69d3406bda5a4953e6d81e648349d2587daa9c99a81a11078665a3d0b6f24d1223
1790134946778,receipt,rcpt_4aa77d72c0cc33508739,,week100-1790134837-u014,collateral_release,,,,4aa77d72c0cc3350873913e64ef07247b02a38f12980950aea8fe4d1a5eee1d68abd3bb325b0ccc2f1799348208a96c480673b4338a662695f88afcf81247115,f30e9116f0bb81753e8468bb3671881146f2425f2c7e0428dce77234ed052439929217161e68e1cf112ccd965bd10b3be54ae7509128d4dea94bcc0bbad3a116
1790134947121,receipt,rcpt_7a8c533f21df2918d136,,week100-1790134837-u017,collateral_lock,,,,7a8c533f21df2918d1361b8c81fea597105c90f19b18769ba39066df14cbdc3048bb59efb62949c20c58a7ee339234161f6e01a0f985922e5d243d6bd59efd19,4aa77d72c0cc3350873913e64ef07247b02a38f12980950aea8fe4d1a5eee1d68abd3bb325b0ccc2f1799348208a96c480673b4338a662695f88afcf81247115
1790134947505,receipt,rcpt_7ebcc647d883fd7d8e65,,week100-1790134837-u017,collateral_release,,,,7ebcc647d883fd7d8e65cdf9d875ba6ac84719afd7e7498c82032a2561ac1f3f1524f31a6486a480d53f7781ab4f612d91c0b1d4569bae0a0f9b8029b68ca2a0,7a8c533f21df2918d1361b8c81fea597105c90f19b18769ba39066df14cbdc3048bb59efb62949c20c58a7ee339234161f6e01a0f985922e5d243d6bd59efd19
1790134948443,receipt,rcpt_9b93dced193c01753cc1,,week100-1790134837-u024,collateral_lock,,,,9b93dced193c01753cc1144a2d73a768f9f0ebb00083a0def3caaa9b120eadbd5c1c6904c87821973e5481adcbdaf5e78060d12cbc8a1f5cd6eb91eb161dac2a,7ebcc647d883fd7d8e65cdf9d875ba6ac84719afd7e7498c82032a2561ac1f3f1524f31a6486a480d53f7781ab4f612d91c0b1d4569bae0a0f9b8029b68ca2a0
1790134948809,receipt,rcpt_38acacb52191e206237e,,week100-1790134837-u024,collateral_release,,,,38acacb52191e206237e7ae161fc4fa48a8376bce75068f68c7ea269c28ee34f41d1ffb42ba12d9a6069e2625a6e8f2f7be4936e5872dc560c25f658cc734e24,9b93dced193c01753cc1144a2d73a768f9f0ebb00083a0def3caaa9b120eadbd5c1c6904c87821973e5481adcbdaf5e78060d12cbc8a1f5cd6eb91eb161dac2a
1790134949149,receipt,rcpt_b27b81ada52c6626ed9a,,week100-1790134837-u027,collateral_lock,,,,b27b81ada52c6626ed9a406c5d4d7921dc617e32f3c9bfe7f9681bbb2ce0f2fb662178d7c15f73e8680a34723e0832fe4355510ae6472debf5861594e381bc17,38acacb52191e206237e7ae161fc4fa48a8376bce75068f68c7ea269c28ee34f41d1ffb42ba12d9a6069e2625a6e8f2f7be4936e5872dc560c25f658cc734e24
1790134949543,receipt,rcpt_1023dccdd8dcf4e5a80c,,week100-1790134837-u027,collateral_release,,,,1023dccdd8dcf4e5a80c003c93ae47a6894bc5921ba1ab748b85e545890d21db887256fbd07615fcc93a6876a949d3688402809a238a97b5de0a9d1d496ab383,b27b81ada52c6626ed9a406c5d4d7921dc617e32f3c9bfe7f9681bbb2ce0f2fb662178d7c15f73e8680a34723e0832fe4355510ae6472debf5861594e381bc17
1790134950480,receipt,rcpt_b54359eda3b9d7735a6f,,week100-1790134837-u034,collateral_lock,,,,b54359eda3b9d7735a6f331156cd7d2ae7d283aff3173931fdaa9e05b7b0dc58df270b92be03a725956bd7769798464bc1d919eb3055ea8a746bc8ba3eb58ff3,1023dccdd8dcf4e5a80c003c93ae47a6894bc5921ba1ab748b85e545890d21db887256fbd07615fcc93a6876a949d3688402809a238a97b5de0a9d1d496ab383
1790134950848,receipt,rcpt_2be3bb5fe805cd44b6f5,,week100-1790134837-u034,collateral_release,,,,2be3bb5fe805cd44b6f5fff76497a19dccf8c5e10a983eb9815480eb3e8b3c1af718a30dc2b87126da77ff2f0d244fec36e5849425215b0baa0e1edf4048c02f,b54359eda3b9d7735a6f331156cd7d2ae7d283aff3173931fdaa9e05b7b0dc58df270b92be03a725956bd7769798464bc1d919eb3055ea8a746bc8ba3eb58ff3
1790134951522,receipt,rcpt_4b381ab0a1090383e621,,week100-1790134837-u037,collateral_lock,,,,4b381ab0a1090383e621650bee40865756dac54294ca6cad2596ef0118b133a7c2f9170fa98502d96e8ab18b6a03e2aa3cce6f1ceaeedc763f55cc01f696a15c,2be3bb5fe805cd44b6f5fff76497a19dccf8c5e10a983eb9815480eb3e8b3c1af718a30dc2b87126da77ff2f0d244fec36e5849425215b0baa0e1edf4048c02f
1790134951896,receipt,rcpt_2b725fef7414dbe43191,,week100-1790134837-u037,collateral_release,,,,2b725fef7414dbe43191452e36f008f5b27a69bb276a64d3658edf084fa7dc7b1276ce2e648e2f7f869388589d497efbdc46bba22932acf61cba2abb2d55a092,4b381ab0a1090383e621650bee40865756dac54294ca6cad2596ef0118b133a7c2f9170fa98502d96e8ab18b6a03e2aa3cce6f1ceaeedc763f55cc01f696a15c
1790134952831,receipt,rcpt_dc3a362eb287214e6c7f,,week100-1790134837-u044,collateral_lock,,,,dc3a362eb287214e6c7fb9b4f8fadad417678a721597ccaf29cd64ad88348bbcfec4496772a64debb81ef27947a99f2ef597b1cc269779282492ecd47d19c176,2b725fef7414dbe43191452e36f008f5b27a69bb276a64d3658edf084fa7dc7b1276ce2e648e2f7f869388589d497efbdc46bba22932acf61cba2abb2d55a092
1790134953208,receipt,rcpt_6e191ad713c86f27475e,,week100-1790134837-u044,collateral_release,,,,6e191ad713c86f27475e8ca149a442fae8aca6c4a0c7ced1411f1fde2f4ac65ce01838d7beef333c87d732bf95c4b3a36a9d5e15aa7ecf0a4b087a1eb3d61ebf,dc3a362eb287214e6c7fb9b4f8fadad417678a721597ccaf29cd64ad88348bbcfec4496772a64debb81ef27947a99f2ef597b1cc269779282492ecd47d19c176
1790134953547,receipt,rcpt_e9dbd4c63b3acef62f3f,,week100-1790134837-u047,collateral_lock,,,,e9dbd4c63b3acef62f3fcba71c4e8bae837a30687d36342e8506cb70cff5d10dc6741a01b830dffd97d4f7353aa0fd0b66eb7087723e117eda01748e0afbe37c,6e191ad713c86f27475e8ca149a442fae8aca6c4a0c7ced1411f1fde2f4ac65ce01838d7beef333c87d732bf95c4b3a36a9d5e15aa7ecf0a4b087a1eb3d61ebf
1790134953916,receipt,rcpt_3867c975c0fb41b6782e,,week100-1790134837-u047,collateral_release,,,,3867c975c0fb41b6782e9302a498cf93b88ad62013741077d80453b9f52861f7d234fe586f88a40705bfba49d3aacdfb0ca3d053719b3f795f794f2272325eca,e9dbd4c63b3acef62f3fcba71c4e8bae837a30687d36342e8506cb70cff5d10dc6741a01b830dffd97d4f7353aa0fd0b66eb7087723e117eda01748e0afbe37c
1790134954845,receipt,rcpt_4e54d280d91ea5aba000,,week100-1790134837-u054,collateral_lock,,,,4e54d280d91ea5aba0001812fbba428ececa31077c79f88552d2c0ba52c477a3fdd5c036b7d4dbe89689179b3045751dce9c29896ddf2540b4c453d411dd9967,3867c975c0fb41b6782e9302a498cf93b88ad62013741077d80453b9f52861f7d234fe586f88a40705bfba49d3aacdfb0ca3d053719b3f795f794f2272325eca
1790134955216,receipt,rcpt_8e650f1a64eb9d54faea,,week100-1790134837-u054,collateral_release,,,,8e650f1a64eb9d54faea36daf40c3a9f0e5eaa8f9e4a1e607284d80a3f99dcc4bfd1267b4d539b59a106a8d199567b7063f731346f127e3b49af1fb6690f729f,4e54d280d91ea5aba0001812fbba428ececa31077c79f88552d2c0ba52c477a3fdd5c036b7d4dbe89689179b3045751dce9c29896ddf2540b4c453d411dd9967
1790134955563,receipt,rcpt_56d21739b7be44313018,,week100-1790134837-u057,collateral_lock,,,,56d21739b7be44313018e9b09cd948c1a5c3cb8d81b675aa9d1e6c4992ab5d67dfac7ac8728c0bd5c0f556b32ad8dad624d296e262c6ab65e86175e7ca2d77ee,8e650f1a64eb9d54faea36daf40c3a9f0e5eaa8f9e4a1e607284d80a3f99dcc4bfd1267b4d539b59a106a8d199567b7063f731346f127e3b49af1fb6690f729f
1790134955940,receipt,rcpt_7652b55dda2fcb4766d6,,week100-1790134837-u057,collateral_release,,,,7652b55dda2fcb4766d60f2fbe35486b129f71ecaefbc4ca89bb133cbaa1e24be50c4f3807a12b868cb18e5c5e483c1eea7c20423808e1f28c775610c4e866ff,56d21739b7be44313018e9b09cd948c1a5c3cb8d81b675aa9d1e6c4992ab5d67dfac7ac8728c0bd5c0f556b32ad8dad624d296e262c6ab65e86175e7ca2d77ee
1790134956880,receipt,rcpt_67f0be7f1ec238d31d12,,week100-1790134837-u064,collateral_lock,,,,67f0be7f1ec238d31d12209df6794eafb3ce7b4284358c8e3db374ef23019c7843626cd689481aa4124bc7b38a033924a5222f1570f0406a9b1460f21909a191,7652b55dda2fcb4766d60f2fbe35486b129f71ecaefbc4ca89bb133cbaa1e24be50c4f3807a12b868cb18e5c5e483c1eea7c20423808e1f28c775610c4e866ff
1790134957253,receipt,rcpt_de6c673ad9e7c4afc782,,week100-1790134837-u064,collateral_release,,,,de6c673ad9e7c4afc78200ef63ace48a2d1635b415b47cfb897155128aabb2bc599e56e11da55121caeff21430fdf4e31156b63659bd2157453a594801f77a60,67f0be7f1ec238d31d12209df6794eafb3ce7b4284358c8e3db374ef23019c7843626cd689481aa4124bc7b38a033924a5222f1570f0406a9b1460f21909a191
1790134957589,receipt,rcpt_c128d30a52030ed21eae,,week100-1790134837-u067,collateral_lock,,,,c128d30a52030ed21eaeeec2dc37a1e88d80aaf2c88fe8b84577f929b651bdc464a4988dec5587ae7ba400f2ace70a414daf8c1267da688c41f4ce784496ab1f,de6c673ad9e7c4afc78200ef63ace48a2d1635b415b47cfb897155128aabb2bc599e56e11da55121caeff21430fdf4e31156b63659bd2157453a594801f77a60
1790134957974,receipt,rcpt_a8820b63cee2a1330a7a,,week100-1790134837-u067,collateral_release,,,,a8820b63cee2a1330a7ab41c08a101b96f4c3654627f9eed961b61c592ee38d2b2ec649ab2c4413959f83046af03d3cb5147b58b0fde2b4f56137c9e798c9518,c128d30a52030ed21eaeeec2dc37a1e88d80aaf2c88fe8b84577f929b651bdc464a4988dec5587ae7ba400f2ace70a414daf8c1267da688c41f4ce784496ab1f
1790134958933,receipt,rcpt_539f43caf222fef2aa32,,week100-1790134837-u074,collateral_lock,,,,539f43caf222fef2aa32346a3f9ce62cfdd135f3d1538c6d4e54a4d7830a05eeb9c3389a7095e66054271ebb6b0c00d27cccab7eac24626f4c6ce367c36bd417,a8820b63cee2a1330a7ab41c08a101b96f4c3654627f9eed961b61c592ee38d2b2ec649ab2c4413959f83046af03d3cb5147b58b0fde2b4f56137c9e798c9518
1790134959318,receipt,rcpt_c968525cef82788a4889,,week100-1790134837-u074,collateral_release,,,,c968525cef82788a4889fe6103f0582473562aede3d7864cbfaee8aefba7fdc8fcbfa9e4f56ad8ca54f388af75a6ed1356a9c19c48c58791464c7e72e77e7cb0,539f43caf222fef2aa32346a3f9ce62cfdd135f3d1538c6d4e54a4d7830a05eeb9c3389a7095e66054271ebb6b0c00d27cccab7eac24626f4c6ce367c36bd417
1790134960015,receipt,rcpt_7dda6f1e7f16dd253de7,,week100-1790134837-u077,collateral_lock,,,,7dda6f1e7f16dd253de79a6258bafbdb9d0a2787f5b0fb44c27f1695a176298e55765311ae8318e021bd3c959650b50d5586fba0a38f10a1ed7631089b54a250,c968525cef82788a4889fe6103f0582473562aede3d7864cbfaee8aefba7fdc8fcbfa9e4f56ad8ca54f388af75a6ed1356a9c19c48c58791464c7e72e77e7cb0
1790134960392,receipt,rcpt_461d006c6df368361fa3,,week100-1790134837-u077,collateral_release,,,,461d006c6df368361fa3c4cf9a5bb5f45763f0f23e452897326a524923b5c16943aab900ec3757024cee24232a65208a90aa1fa24f74d3a3ab299b2036a162af,7dda6f1e7f16dd253de79a6258bafbdb9d0a2787f5b0fb44c27f1695a176298e55765311ae8318e021bd3c959650b50d5586fba0a38f10a1ed7631089b54a250
1790134961357,receipt,rcpt_49192b356b1f1414de1c,,week100-1790134837-u084,collateral_lock,,,,49192b356b1f1414de1c1cba9692f05d3d409dce53020887a5d42d31ea2c98728c7e85fa79d9464a646a18716fdf05f924def06b947b4584b57e3c1289410e4c,461d006c6df368361fa3c4cf9a5bb5f45763f0f23e452897326a524923b5c16943aab900ec3757024cee24232a65208a90aa1fa24f74d3a3ab299b2036a162af
1790134961746,receipt,rcpt_7c71ef27041ce0058abc,,week100-1790134837-u084,collateral_release,,,,7c71ef27041ce0058abcd6f1dc70631f98a3bfee4a63440e905954c4b47e2cf0cc48ad29ee5951e27a504f8dc9f7d3f66ed9d0fb851f50d40abb2e9207eec419,49192b356b1f1414de1c1cba9692f05d3d409dce53020887a5d42d31ea2c98728c7e85fa79d9464a646a18716fdf05f924def06b947b4584b57e3c1289410e4c
1790134962097,receipt,rcpt_cdc6a07f1c7ad855a6e4,,week100-1790134837-u087,collateral_lock,,,,cdc6a07f1c7ad855a6e4fbbfa96cb4ed71d5bd37ac99175b8dcc4580c3c058f7f65aa370f33f996af111e321bcd876158167def8be0c0a0000c8c1bdb1aab33c,7c71ef27041ce0058abcd6f1dc70631f98a3bfee4a63440e905954c4b47e2cf0cc48ad29ee5951e27a504f8dc9f7d3f66ed9d0fb851f50d40abb2e9207eec419
1790134962473,receipt,rcpt_25f443703e822257620a,,week100-1790134837-u087,collateral_release,,,,25f443703e822257620adfa3a604fcc2419de23974b1b47d7b8d37045133ff3a32501f6af7ccd4b837dba471ca85a17c4383e3e5608c74dd8956e7a8d8bca4c5,cdc6a07f1c7ad855a6e4fbbfa96cb4ed71d5bd37ac99175b8dcc4580c3c058f7f65aa370f33f996af111e321bcd876158167def8be0c0a0000c8c1bdb1aab33c
1790134963425,receipt,rcpt_84ae5593ba97d7bf5199,,week100-1790134837-u094,collateral_lock,,,,84ae5593ba97d7bf51995b9b75c1fdb05cb634042adadbbde1c4e8314f773a5cc693c44a42cda0cf537c2ddd38790bf05d33da7eaf1dfb17194886260b986d36,25f443703e822257620adfa3a604fcc2419de23974b1b47d7b8d37045133ff3a32501f6af7ccd4b837dba471ca85a17c4383e3e5608c74dd8956e7a8d8bca4c5
1790134963797,receipt,rcpt_5b1d92d5e651aa823b47,,week100-1790134837-u094,collateral_release,,,,5b1d92d5e651aa823b472ff100768e93a2838a3bc1a9091a7501caba39bc94e0c5302c5eea7fbdc5349088f38546648b4704a515798251824d1dd74531121c1a,84ae5593ba97d7bf51995b9b75c1fdb05cb634042adadbbde1c4e8314f773a5cc693c44a42cda0cf537c2ddd38790bf05d33da7eaf1dfb17194886260b986d36
1790134964140,receipt,rcpt_194e1a0f018e1b0e7421,,week100-1790134837-u097,collateral_lock,,,,194e1a0f018e1b0e74214e2a381463a3813cfa1e0ff9e49dd36919f1f0355716937e9d7dda67acc60e7585a3357e98d30538c647ea927b41afa6e8c9fd9554b6,5b1d92d5e651aa823b472ff100768e93a2838a3bc1a9091a7501caba39bc94e0c5302c5eea7fbdc5349088f38546648b4704a515798251824d1dd74531121c1a
1790134964506,receipt,rcpt_3541a55f5dd535420453,,week100-1790134837-u097,collateral_release,,,,3541a55f5dd5354204531923e680ae7bb1b1db9962e97c01f95a20da06c80d8703fdb4bd9e30d13570b82e0eda9f00cd927575d57ce5ccb49a6eafc61eaef6c7,194e1a0f018e1b0e74214e2a381463a3813cfa1e0ff9e49dd36919f1f0355716937e9d7dda67acc60e7585a3357e98d30538c647ea927b41afa6e8c9fd9554b6
1790134969079,receipt,rcpt_4afb98d97287e7ff5189,,week100-1790134837-u008,collateral_lock,,,,4afb98d97287e7ff5189e4d56ddcda322bdedc853f48760c62df13a323ee16f02deea0f1407ea74c3d915d9a72edd3e48dd5855172504c7de37017f36139badc,3541a55f5dd5354204531923e680ae7bb1b1db9962e97c01f95a20da06c80d8703fdb4bd9e30d13570b82e0eda9f00cd927575d57ce5ccb49a6eafc61eaef6c7
1790134969415,receipt,rcpt_893dfa0282c432f0cc96,,stocklana:lending-pool,internal_transfer,,,,893dfa0282c432f0cc96e0b936af3d268e7d97b265d30db7ce4d081ab637b92d857b41d4c781a32e5a679f7564cf1342fe37213606c57a6ccb52f6e0affbb925,4afb98d97287e7ff5189e4d56ddcda322bdedc853f48760c62df13a323ee16f02deea0f1407ea74c3d915d9a72edd3e48dd5855172504c7de37017f36139badc
1790134969961,receipt,rcpt_a7036094eb301033cf2d,,week100-1790134837-u018,collateral_lock,,,,a7036094eb301033cf2d5481f954642b94210618ff824643ba973583e828edffa7e6f57d74acb9b61e854d2ed02053376ce5b906f2bdf3ea7c8847271a99011d,893dfa0282c432f0cc96e0b936af3d268e7d97b265d30db7ce4d081ab637b92d857b41d4c781a32e5a679f7564cf1342fe37213606c57a6ccb52f6e0affbb925
1790134969999,receipt,rcpt_917851241e02a024d819,,stocklana:lending-pool,internal_transfer,,,,917851241e02a024d8191223a7a5d87ed983523e066d6697d7a4643df90b5bddf08842b80b1f84fd5ca2a5d8b30c3d3bb0fdbbd64dca99e4dd63ae5c99cded8e,a7036094eb301033cf2d5481f954642b94210618ff824643ba973583e828edffa7e6f57d74acb9b61e854d2ed02053376ce5b906f2bdf3ea7c8847271a99011d
1790134970584,receipt,rcpt_51268eb05cc72798a441,,week100-1790134837-u028,collateral_lock,,,,51268eb05cc72798a441ef8995a54517a047a6cef8a152485e0712b753191bebd30d39f6a727d87d1b09d146d5495e275f5f06dfe4473a8fdb0482e9ef31e750,917851241e02a024d8191223a7a5d87ed983523e066d6697d7a4643df90b5bddf08842b80b1f84fd5ca2a5d8b30c3d3bb0fdbbd64dca99e4dd63ae5c99cded8e
1790134970617,receipt,rcpt_0a17fd55cbaaf339e6df,,stocklana:lending-pool,internal_transfer,,,,0a17fd55cbaaf339e6dfd173fb3e2c73995daf91d81980d8a077191f7ba37d4c8e0cfc1daa35ab2695836c8ff33ec90baff88ca9d7d9da8b6b0c228681898f88,51268eb05cc72798a441ef8995a54517a047a6cef8a152485e0712b753191bebd30d39f6a727d87d1b09d146d5495e275f5f06dfe4473a8fdb0482e9ef31e750
1790134971517,receipt,rcpt_9e962eacbd36c26a0d8e,,week100-1790134837-u038,collateral_lock,,,,9e962eacbd36c26a0d8e4475776e8c8771cf3070816c93070f610498b105f579c5d04a859699097c9f545229fe5a831fd5f63ec36817ff266abf48f9ed087183,0a17fd55cbaaf339e6dfd173fb3e2c73995daf91d81980d8a077191f7ba37d4c8e0cfc1daa35ab2695836c8ff33ec90baff88ca9d7d9da8b6b0c228681898f88
1790134971558,receipt,rcpt_4e33ac24e7e6edb6fbc8,,stocklana:lending-pool,internal_transfer,,,,4e33ac24e7e6edb6fbc8186be05999ca007eeac7052ef035825ef93be42b9a3b218a989e985c6cc9a515ee6d30fe59ab0ba5e7836eea3c7fa18ab0e2dfeda76c,9e962eacbd36c26a0d8e4475776e8c8771cf3070816c93070f610498b105f579c5d04a859699097c9f545229fe5a831fd5f63ec36817ff266abf48f9ed087183
1790134972187,receipt,rcpt_b5bf714c1e96c7704dfb,,week100-1790134837-u048,collateral_lock,,,,b5bf714c1e96c7704dfb86c982db0c753e28e0ad73cab9728c662a3dbc397fc44e310d51cd13c1e372182af6d1b20b90e941603cf1618c83f9f8e309bb923e84,4e33ac24e7e6edb6fbc8186be05999ca007eeac7052ef035825ef93be42b9a3b218a989e985c6cc9a515ee6d30fe59ab0ba5e7836eea3c7fa18ab0e2dfeda76c
1790134972229,receipt,rcpt_d8842cbcadad67acb823,,stocklana:lending-pool,internal_transfer,,,,d8842cbcadad67acb823109d7cb1433759193d4ecd6225fe31dd375e4bc7490ffa856fe412b844b2da1400cc947750deeb37c3f94cfe260343c2553f042274f2,b5bf714c1e96c7704dfb86c982db0c753e28e0ad73cab9728c662a3dbc397fc44e310d51cd13c1e372182af6d1b20b90e941603cf1618c83f9f8e309bb923e84
1790134972803,receipt,rcpt_366b47ffc5fce8087c48,,week100-1790134837-u058,collateral_lock,,,,366b47ffc5fce8087c4876171d63c35013f53fea348b7d63d6dca7abfce6328afa24cdd9903a74ae63870a9bf8b379e10f4df4d4c53855b7018bad3cdaa0e237,d8842cbcadad67acb823109d7cb1433759193d4ecd6225fe31dd375e4bc7490ffa856fe412b844b2da1400cc947750deeb37c3f94cfe260343c2553f042274f2
1790134972847,receipt,rcpt_c6f6e162e17cc4906dae,,stocklana:lending-pool,internal_transfer,,,,c6f6e162e17cc4906dae81dba9fffe7e820faecc937cafc4f0c359e80b05694da50a6b916ed48fac8873e8ba3468a7d687584032b923c48fba4fff1237b68425,366b47ffc5fce8087c4876171d63c35013f53fea348b7d63d6dca7abfce6328afa24cdd9903a74ae63870a9bf8b379e10f4df4d4c53855b7018bad3cdaa0e237
1790134973461,receipt,rcpt_b3e0ef1e7b0f9e0b3363,,week100-1790134837-u068,collateral_lock,,,,b3e0ef1e7b0f9e0b33635be79933667cf250c1222850f155ef0ab5ab8e29c9dfa56a5974daf3710fc1b03ac1dc460e43adc5e3a30e8592e10fc8fd0f55872ae4,c6f6e162e17cc4906dae81dba9fffe7e820faecc937cafc4f0c359e80b05694da50a6b916ed48fac8873e8ba3468a7d687584032b923c48fba4fff1237b68425
1790134973498,receipt,rcpt_70dfb604d7403621eb80,,stocklana:lending-pool,internal_transfer,,,,70dfb604d7403621eb80e6e5eb7e8a22fe966e79fd72579cb6693652e956e2eb74f2dc2e1533c50ffc039810d8250923248b8e4b38b9fa0bd8f9ecb45f379be6,b3e0ef1e7b0f9e0b33635be79933667cf250c1222850f155ef0ab5ab8e29c9dfa56a5974daf3710fc1b03ac1dc460e43adc5e3a30e8592e10fc8fd0f55872ae4
1790134974087,receipt,rcpt_5489de9e1b497ffc7069,,week100-1790134837-u078,collateral_lock,,,,5489de9e1b497ffc70695f5bf3fc8d9eda64cbbbfa86b1e0afbaf342f2def07cacbfcb53feb2ab462220890d163b7d2b2b5ff8fa7c38839919e4d30e4549fc7b,70dfb604d7403621eb80e6e5eb7e8a22fe966e79fd72579cb6693652e956e2eb74f2dc2e1533c50ffc039810d8250923248b8e4b38b9fa0bd8f9ecb45f379be6
1790134974133,receipt,rcpt_c176d5238eecbb640cb0,,stocklana:lending-pool,internal_transfer,,,,c176d5238eecbb640cb0332aae5a9bb898c943d5bd0365c6f02c450010f548f1e982ecbc57d561bdbc742f0ff9c01e48921c330f0a16c8f3e2b59c928cd1f9f0,5489de9e1b497ffc70695f5bf3fc8d9eda64cbbbfa86b1e0afbaf342f2def07cacbfcb53feb2ab462220890d163b7d2b2b5ff8fa7c38839919e4d30e4549fc7b
1790134974724,receipt,rcpt_55fb7cde4c8233f7d19b,,week100-1790134837-u088,collateral_lock,,,,55fb7cde4c8233f7d19ba266dc0090e0f92868a8b16842344b01c595b8345145d7b2c27aa6384358baecca5723cc24030c423b7a741f88cc524deba682e435ce,c176d5238eecbb640cb0332aae5a9bb898c943d5bd0365c6f02c450010f548f1e982ecbc57d561bdbc742f0ff9c01e48921c330f0a16c8f3e2b59c928cd1f9f0
1790134974762,receipt,rcpt_91ab681a172cb3feb3d2,,stocklana:lending-pool,internal_transfer,,,,91ab681a172cb3feb3d2f043210296ec42cec67127050f5223811d2441e9191ace29d9a8d322427e59bebe721624d7fd2742df300cc0e8dc4df2adcc9032fe5f,55fb7cde4c8233f7d19ba266dc0090e0f92868a8b16842344b01c595b8345145d7b2c27aa6384358baecca5723cc24030c423b7a741f88cc524deba682e435ce
1790134975303,receipt,rcpt_e9708e1d2a3611823677,,week100-1790134837-u098,collateral_lock,,,,e9708e1d2a3611823677f927960396897f85c37ecc4e7376278e784eb4302aee745d05d91b226010434182df3615e8b0db6d2fb51b7f5d9068cce813444bba38,91ab681a172cb3feb3d2f043210296ec42cec67127050f5223811d2441e9191ace29d9a8d322427e59bebe721624d7fd2742df300cc0e8dc4df2adcc9032fe5f
1790134975326,receipt,rcpt_d19c0e9ad11bc110e0d7,,stocklana:lending-pool,internal_transfer,,,,d19c0e9ad11bc110e0d7c7f88ab0ba12e7bf828b25292006e8a4cc9f5751244653f3b165898be7995e188a548ff5edbe471836d295aebb83e45594a28f0b01e7,e9708e1d2a3611823677f927960396897f85c37ecc4e7376278e784eb4302aee745d05d91b226010434182df3615e8b0db6d2fb51b7f5d9068cce813444bba38
1790135080899,receipt,rcpt_8eb0a5a4bdcad857c1ff,,wdtest_3bca1068,vault_credit,,,,8eb0a5a4bdcad857c1ffb998d7b443b8e30d00cb00a328b95f91f8fd6cc7b44251190c2cccba288d0a9451c555100006ef20ca5315c06adbe3aed63ccbc08dd3,d19c0e9ad11bc110e0d7c7f88ab0ba12e7bf828b25292006e8a4cc9f5751244653f3b165898be7995e188a548ff5edbe471836d295aebb83e45594a28f0b01e7
1790135081552,receipt,rcpt_cf2d8de2473466b0285d,,wdtest_3bca1068,withdrawal_reserved,,,,cf2d8de2473466b0285da44a438b37cc4c9c0f908b342e71f686f187b1f2e157a9ff2422a39af9743cab38c47f1a93331f76af8e6ea82682e3438c8abcc90de0,8eb0a5a4bdcad857c1ffb998d7b443b8e30d00cb00a328b95f91f8fd6cc7b44251190c2cccba288d0a9451c555100006ef20ca5315c06adbe3aed63ccbc08dd3
1790135082384,receipt,rcpt_92be2a44e7ecd9ede897,,wdtest_3bca1068,withdrawal_cancelled,,,,92be2a44e7ecd9ede897c9b5b907233e04fc61ca3d3abc4e4539bccda3641a1c9c587174d9db36ba88f2b240cc55fdc8c2db99e5a97782934bb8fa175bb96c02,cf2d8de2473466b0285da44a438b37cc4c9c0f908b342e71f686f187b1f2e157a9ff2422a39af9743cab38c47f1a93331f76af8e6ea82682e3438c8abcc90de0
1790135084092,receipt,rcpt_2cb5d3e223b795a88756,,ca_7cd6e028,vault_credit,,,,2cb5d3e223b795a8875614177fb258c23a56e96b6528c89bdc319acf35ed76c3d0b3af8c98b239b66928f5f8dc2f7fd341e43db67e692735b5cb13aa2b8f141c,92be2a44e7ecd9ede897c9b5b907233e04fc61ca3d3abc4e4539bccda3641a1c9c587174d9db36ba88f2b240cc55fdc8c2db99e5a97782934bb8fa175bb96c02
1790135084413,receipt,rcpt_d7a601f691314508e08b,,ca_7cd6e028,internal_transfer,,,,d7a601f691314508e08b21e6368ac86e656873e879c391db16756dc5b830541b8ec796759dd275200e6d27c23b162bd2392a3fff59c8f02fced1056aa3997dc0,2cb5d3e223b795a8875614177fb258c23a56e96b6528c89bdc319acf35ed76c3d0b3af8c98b239b66928f5f8dc2f7fd341e43db67e692735b5cb13aa2b8f141c
1790135084457,receipt,rcpt_7a2407655b0dd9a9dfc0,,ca_7cd6e028,internal_transfer,,,,7a2407655b0dd9a9dfc01e19184c4c44e92e0bcd2a40ffe5b3383facc586cb163898618fa510622488fffe73983d215d4f54696c938cb1d34d0b4fa635ddaa37,d7a601f691314508e08b21e6368ac86e656873e879c391db16756dc5b830541b8ec796759dd275200e6d27c23b162bd2392a3fff59c8f02fced1056aa3997dc0
1790135084507,receipt,rcpt_bac826f441f01ae83ecf,,ca_7cd6e028,internal_transfer,,,,bac826f441f01ae83ecf3c5d2d505542fa99fbffc588c5281bd8c6ad48ea15e86278be86a9a86d800e1f3c20922bef6ae22530111662b7a8e5f3338e917b7432,7a2407655b0dd9a9dfc01e19184c4c44e92e0bcd2a40ffe5b3383facc586cb163898618fa510622488fffe73983d215d4f54696c938cb1d34d0b4fa635ddaa37
1790135084547,receipt,rcpt_e0ff0249ef1b6ec7d77a,,ca_7cd6e028,internal_transfer,,,,e0ff0249ef1b6ec7d77a5bb6503ef8c2408a91b3f4527a89b15b1986e397763111b65ccbcb78cb25af96658061505e905f05618230d50e00e98180c811020aca,bac826f441f01ae83ecf3c5d2d505542fa99fbffc588c5281bd8c6ad48ea15e86278be86a9a86d800e1f3c20922bef6ae22530111662b7a8e5f3338e917b7432
1790135084589,receipt,rcpt_71995ff3663b595c7269,,ca_7cd6e028,internal_transfer,,,,71995ff3663b595c7269fddfc6c474a51025ed1e39db12813938f0ecaf473dd897965a7bec57e0dbc3443dbeac12854c2c0ea37ae6546a305821e347c8906f90,e0ff0249ef1b6ec7d77a5bb6503ef8c2408a91b3f4527a89b15b1986e397763111b65ccbcb78cb25af96658061505e905f05618230d50e00e98180c811020aca
1790135084626,receipt,rcpt_dbba67e2a97308d8e5d7,,ca_7cd6e028,internal_transfer,,,,dbba67e2a97308d8e5d7418703865217da50475e9b6c6a8a52d76c59ff8c0aad9e79cd56241afe462e56dc8afba8159d66a0116287348d93a85882a2b8bed43c,71995ff3663b595c7269fddfc6c474a51025ed1e39db12813938f0ecaf473dd897965a7bec57e0dbc3443dbeac12854c2c0ea37ae6546a305821e347c8906f90
1790135084663,receipt,rcpt_bec2e4d2da19a6eb493a,,ca_7cd6e028,internal_transfer,,,,bec2e4d2da19a6eb493a608b7f88df41ce002030a5ddb3dd8b960718908a66dbd1256dcb2cb82aa2c9985edac44afd6b296eeec083737303115bf25ec69fbafd,dbba67e2a97308d8e5d7418703865217da50475e9b6c6a8a52d76c59ff8c0aad9e79cd56241afe462e56dc8afba8159d66a0116287348d93a85882a2b8bed43c
1790135084699,receipt,rcpt_09187c2221118ad16446,,ca_7cd6e028,internal_transfer,,,,09187c2221118ad164461cd18c6df8e553678240e85a483a85541acf8ab56a4f156d415ad72cabeab34f118a5f136a4c654f2ea915a67c7eed36a179639b5d62,bec2e4d2da19a6eb493a608b7f88df41ce002030a5ddb3dd8b960718908a66dbd1256dcb2cb82aa2c9985edac44afd6b296eeec083737303115bf25ec69fbafd
1790135084738,receipt,rcpt_30114d2e018ea51a9f6b,,ca_7cd6e028,internal_transfer,,,,30114d2e018ea51a9f6bd878a9d65055684b012dc9d8d3c87f6e98826f3630943a81b0cd8fbf0c253562e806006d512f77faf8547b56b99caf467e193ff4c88b,09187c2221118ad164461cd18c6df8e553678240e85a483a85541acf8ab56a4f156d415ad72cabeab34f118a5f136a4c654f2ea915a67c7eed36a179639b5d62
1790135084773,receipt,rcpt_0d467b936472bbd2ff6d,,ca_7cd6e028,internal_transfer,,,,0d467b936472bbd2ff6daf19161c3fefe1d6685f0585bbdc3a287517bce3361900386e745799d1b0ab64226215457aa4f471b963e6b94e05a8af00513cfd9234,30114d2e018ea51a9f6bd878a9d65055684b012dc9d8d3c87f6e98826f3630943a81b0cd8fbf0c253562e806006d512f77faf8547b56b99caf467e193ff4c88b
1790135084811,receipt,rcpt_bf6b10dcf6f23a47638a,,ca_7cd6e028,internal_transfer,,,,bf6b10dcf6f23a47638a929a31d36d6e08a3b13b92f4e89d958757e5ca08ccbc7790cec08b4695db6c4fe6af3b5d5909c7c6b948e9161ac6dbb8cef3bf2f1b29,0d467b936472bbd2ff6daf19161c3fefe1d6685f0585bbdc3a287517bce3361900386e745799d1b0ab64226215457aa4f471b963e6b94e05a8af00513cfd9234
1790135084848,receipt,rcpt_f9c42d51846294dbe934,,ca_7cd6e028,internal_transfer,,,,f9c42d51846294dbe934dbfee97f9476fbeffde6a0e5a24f3502964e236680f3f3ddf65fe840e687ca71ca31f7138e96c5c3f2f24bd28d4b59367f19b1d9ae09,bf6b10dcf6f23a47638a929a31d36d6e08a3b13b92f4e89d958757e5ca08ccbc7790cec08b4695db6c4fe6af3b5d5909c7c6b948e9161ac6dbb8cef3bf2f1b29
1790135084883,receipt,rcpt_bbba05bf5b55c4d57b1b,,ca_7cd6e028,internal_transfer,,,,bbba05bf5b55c4d57b1b549c7b60f7e77ef95003e198c0db6cccb927e7f427828038783f8b1e619d7c42d14cb16f6952145f997516b001e539f2bf2f13964137,f9c42d51846294dbe934dbfee97f9476fbeffde6a0e5a24f3502964e236680f3f3ddf65fe840e687ca71ca31f7138e96c5c3f2f24bd28d4b59367f19b1d9ae09
1790135084921,receipt,rcpt_c8ddf59f74ed40248546,,ca_7cd6e028,internal_transfer,,,,c8ddf59f74ed40248546f09b6d9f20811cba3a9200bdb95db0baf30ada04278853cb45260ea4ad6ff6493a4480329b8708ebde0347b956d54d5bf5a85e415fc6,bbba05bf5b55c4d57b1b549c7b60f7e77ef95003e198c0db6cccb927e7f427828038783f8b1e619d7c42d14cb16f6952145f997516b001e539f2bf2f13964137
1790135085301,receipt,rcpt_7dfb72f06ae679bd692d,,ca_7cd6e028,internal_transfer,,,,7dfb72f06ae679bd692dde5b4016531d17b3eb848b2650b33d24ac8d775b0bee5819d84b4d1519fe83f201893e2cd987075db859e99d707055721698ba7de99e,c8ddf59f74ed40248546f09b6d9f20811cba3a9200bdb95db0baf30ada04278853cb45260ea4ad6ff6493a4480329b8708ebde0347b956d54d5bf5a85e415fc6
1790135085390,receipt,rcpt_3d4c7c5a9314906f89d1,,ca_7cd6e028,internal_transfer,,,,3d4c7c5a9314906f89d16ecc14e5ced4bc6652ad38e78759b83565384055aa64e7420f1b7868f1dbca8ca1e9276aa27cec2e03e55e2d3651a7bae63fe5432b38,7dfb72f06ae679bd692dde5b4016531d17b3eb848b2650b33d24ac8d775b0bee5819d84b4d1519fe83f201893e2cd987075db859e99d707055721698ba7de99e
1790135085426,receipt,rcpt_2c9d2dbb5c7f3c3fe0c6,,ca_7cd6e028,internal_transfer,,,,2c9d2dbb5c7f3c3fe0c6091292f94f43b70b4df7a7cb748ac9017942868a2edca3ef6bc87f91242f5803d5d163fbc11faf3968ca65bbcc2f077a271d8bb09087,3d4c7c5a9314906f89d16ecc14e5ced4bc6652ad38e78759b83565384055aa64e7420f1b7868f1dbca8ca1e9276aa27cec2e03e55e2d3651a7bae63fe5432b38
1790135085470,receipt,rcpt_f003c0caa04e07f18b54,,ca_7cd6e028,internal_transfer,,,,f003c0caa04e07f18b54095c26e208d0d809f51d65a57505ee195c80ea779c115edda1170502e6242156f8101db2936e104520b75b094134ceff1da03a750868,2c9d2dbb5c7f3c3fe0c6091292f94f43b70b4df7a7cb748ac9017942868a2edca3ef6bc87f91242f5803d5d163fbc11faf3968ca65bbcc2f077a271d8bb09087
1790135085506,receipt,rcpt_ac45143adc0b6d113a94,,ca_7cd6e028,internal_transfer,,,,ac45143adc0b6d113a948336811f2fde38ea8234534ecdb402d32f5ef8a3c4e6766e0b36f9d538a500e2dcbcd8492ad0a724207718cc5c70888068304ad1db7a,f003c0caa04e07f18b54095c26e208d0d809f51d65a57505ee195c80ea779c115edda1170502e6242156f8101db2936e104520b75b094134ceff1da03a750868
1790135085542,receipt,rcpt_69ef3bb2c1093e260bf3,,ca_7cd6e028,internal_transfer,,,,69ef3bb2c1093e260bf34b6ac52a2c28a795c4de54b8cdad5c417265fbdf9ee3706f5d706237aacd01705b344c3b180cea26b339c05bf7757f3a4ffb41503c37,ac45143adc0b6d113a948336811f2fde38ea8234534ecdb402d32f5ef8a3c4e6766e0b36f9d538a500e2dcbcd8492ad0a724207718cc5c70888068304ad1db7a
1790135085577,receipt,rcpt_ff5d1d9a93116959e37a,,ca_7cd6e028,internal_transfer,,,,ff5d1d9a93116959e37a4ad59d633b998bfdfe477c7f0ac085e879ba3841bd274dee8a213537db9a06b395df9e292142d015dbefbe1baef8e6c57c4e3aad5afa,69ef3bb2c1093e260bf34b6ac52a2c28a795c4de54b8cdad5c417265fbdf9ee3706f5d706237aacd01705b344c3b180cea26b339c05bf7757f3a4ffb41503c37
1790135085613,receipt,rcpt_9a585ea82bced95e9764,,ca_7cd6e028,internal_transfer,,,,9a585ea82bced95e97640ddcac383b60bb6deb776f134d0e07fb5dce8af8fa5eb29c2fe094f421b99bb4eea1b63c35a28dee46b42784dfae3183b3aa7573efdd,ff5d1d9a93116959e37a4ad59d633b998bfdfe477c7f0ac085e879ba3841bd274dee8a213537db9a06b395df9e292142d015dbefbe1baef8e6c57c4e3aad5afa
1790135085636,receipt,rcpt_4a33b2e9e74326d76ffa,,ca_7cd6e028,internal_transfer,,,,4a33b2e9e74326d76ffafc115781b37ed5f7767df29c5f3044ec71c6e3d6ec4ed3eeb62bce678edb30a3362ca1e49d29679c019e1486a49b36fa0c2f541e8b56,9a585ea82bced95e97640ddcac383b60bb6deb776f134d0e07fb5dce8af8fa5eb29c2fe094f421b99bb4eea1b63c35a28dee46b42784dfae3183b3aa7573efdd
1790135085672,receipt,rcpt_449f00dfc2f5ef2cdbca,,ca_7cd6e028,internal_transfer,,,,449f00dfc2f5ef2cdbcaf87d3e0c118205a7bd68aac40ff88d143d2aa1f4de90e6582823aac24269c50aefdd475eb52e0ce0e03348ee5ae42e4b0cc8add8d534,4a33b2e9e74326d76ffafc115781b37ed5f7767df29c5f3044ec71c6e3d6ec4ed3eeb62bce678edb30a3362ca1e49d29679c019e1486a49b36fa0c2f541e8b56
1790135085708,receipt,rcpt_e38b0b961e73c8144268,,ca_7cd6e028,internal_transfer,,,,e38b0b961e73c81442680cf59f74db8b017dc35dc025f5934231c4d717247580a405a20af67fb70088b70970927085c7744f6d993579cc0b235ccdbe9a10c433,449f00dfc2f5ef2cdbcaf87d3e0c118205a7bd68aac40ff88d143d2aa1f4de90e6582823aac24269c50aefdd475eb52e0ce0e03348ee5ae42e4b0cc8add8d534
1790135085744,receipt,rcpt_460370fc701fbf0d2c27,,ca_7cd6e028,internal_transfer,,,,460370fc701fbf0d2c27d34ff076e9d505033cc3d0d1de147c4cba32364ab823785b788f06a2c4d136cb4ae480a613e31465f2050d0db044b139432a7e782c16,e38b0b961e73c81442680cf59f74db8b017dc35dc025f5934231c4d717247580a405a20af67fb70088b70970927085c7744f6d993579cc0b235ccdbe9a10c433
1790135085780,receipt,rcpt_87373281c2d6778f8938,,ca_7cd6e028,internal_transfer,,,,87373281c2d6778f89385ff50dd1e767c833027f083cd186ba3d523e2f88aedb40af9b2a82eda14b06179e9f26f0c3b6607259ec956fc7189e25efe32c100de3,460370fc701fbf0d2c27d34ff076e9d505033cc3d0d1de147c4cba32364ab823785b788f06a2c4d136cb4ae480a613e31465f2050d0db044b139432a7e782c16
1790135085826,receipt,rcpt_81f5b11d92d953ac0811,,ca_7cd6e028,internal_transfer,,,,81f5b11d92d953ac0811ad2b0488dbefc7c5fda7bf726a841406ca4249252cd1dfd570fe408d4a27ac4ce54e3672dd92a21c6aaa47334a0297dd868366d7fa46,87373281c2d6778f89385ff50dd1e767c833027f083cd186ba3d523e2f88aedb40af9b2a82eda14b06179e9f26f0c3b6607259ec956fc7189e25efe32c100de3
1790135085868,receipt,rcpt_3221a9a42e992a3b43b1,,ca_7cd6e028,internal_transfer,,,,3221a9a42e992a3b43b1ace81244cc9efdec1ee2b0a5bb2c99c6fabc19255cd14523e83e476e7640310d0641d07dc6bf15e44f902f3fee2f6addb70c0dc6e7d6,81f5b11d92d953ac0811ad2b0488dbefc7c5fda7bf726a841406ca4249252cd1dfd570fe408d4a27ac4ce54e3672dd92a21c6aaa47334a0297dd868366d7fa46
1790135085909,receipt,rcpt_c0086828b52225ced15c,,ca_7cd6e028,internal_transfer,,,,c0086828b52225ced15cb4868356e1ff64e953d6b282ae86abccd448761c2792a8915d1ec0d31309451029fbac440b7a6fc5059e47ff67d91c926f85782b485f,3221a9a42e992a3b43b1ace81244cc9efdec1ee2b0a5bb2c99c6fabc19255cd14523e83e476e7640310d0641d07dc6bf15e44f902f3fee2f6addb70c0dc6e7d6
1790135086274,receipt,rcpt_1f10e98208a98869606c,,ca_7cd6e028,internal_transfer,,,,1f10e98208a98869606cd1cbeeda3c436e3ccdbb501d0c760b7ee583804a5c4d28cff182d3ac879528e4f31832f134671d62e7b982a1d431a919f7fa5135f25e,c0086828b52225ced15cb4868356e1ff64e953d6b282ae86abccd448761c2792a8915d1ec0d31309451029fbac440b7a6fc5059e47ff67d91c926f85782b485f
1790135086316,receipt,rcpt_f8c0f6b2bc8dae3b9f7b,,ca_7cd6e028,internal_transfer,,,,f8c0f6b2bc8dae3b9f7b29bbb2ee5c86653be2d614717a3bd15dbf9d51b3824d3de7964ac53265c136f2b2aba7a81ce1e662c7e9986a4ce62bd1dcf9e3996972,1f10e98208a98869606cd1cbeeda3c436e3ccdbb501d0c760b7ee583804a5c4d28cff182d3ac879528e4f31832f134671d62e7b982a1d431a919f7fa5135f25e
1790135086355,receipt,rcpt_96f8e2e3539fbd86f000,,ca_7cd6e028,internal_transfer,,,,96f8e2e3539fbd86f000af0c4f76fabde6cf7ccb16c4bd88ab30257a63b4b211c8d3e967591cdc2f2ca40dca6a3c90d0d9dab705d50ac1110b687f122846a5ed,f8c0f6b2bc8dae3b9f7b29bbb2ee5c86653be2d614717a3bd15dbf9d51b3824d3de7964ac53265c136f2b2aba7a81ce1e662c7e9986a4ce62bd1dcf9e3996972
1790135086393,receipt,rcpt_875e7e104b4a6c490442,,ca_7cd6e028,internal_transfer,,,,875e7e104b4a6c4904421cf97b5b1f32b598b3836ae7497887955e86ee0194d2dba0479908501d9ade5c540196e825691b97e282defd956243b998d11dd4bd7b,96f8e2e3539fbd86f000af0c4f76fabde6cf7ccb16c4bd88ab30257a63b4b211c8d3e967591cdc2f2ca40dca6a3c90d0d9dab705d50ac1110b687f122846a5ed
1790135086431,receipt,rcpt_9b7302eed65f5a36322f,,ca_7cd6e028,internal_transfer,,,,9b7302eed65f5a36322ff223b41cd572abcd65f32879fc027d53d7a42cfb7e5e0bd16454f3de19c30c3bf8cfdffe4ba46ac65a7f5803fac0955f84cedc0650d6,875e7e104b4a6c4904421cf97b5b1f32b598b3836ae7497887955e86ee0194d2dba0479908501d9ade5c540196e825691b97e282defd956243b998d11dd4bd7b
1790135086470,receipt,rcpt_0715b6ded99e485c9c5d,,ca_7cd6e028,internal_transfer,,,,0715b6ded99e485c9c5d2fd314feeb79ef000b0446711355bc0cbf39c816ceab0da35ec51b7ec8409f44cd59ec42bc89bff3f81551047f2e085868833feddc7f,9b7302eed65f5a36322ff223b41cd572abcd65f32879fc027d53d7a42cfb7e5e0bd16454f3de19c30c3bf8cfdffe4ba46ac65a7f5803fac0955f84cedc0650d6
1790135086512,receipt,rcpt_2f2c08e3b03ddd0abaf5,,ca_7cd6e028,internal_transfer,,,,2f2c08e3b03ddd0abaf5e0ce05c64e7fac9011f35efe94c1d471ae932b330b1f5d4054714a3e8d6c554c52442b238eec1a6390ceff56ed22bd4b8e4b3f879e70,0715b6ded99e485c9c5d2fd314feeb79ef000b0446711355bc0cbf39c816ceab0da35ec51b7ec8409f44cd59ec42bc89bff3f81551047f2e085868833feddc7f
1790135086551,receipt,rcpt_75b2391ebf45fed3aba0,,ca_7cd6e028,internal_transfer,,,,75b2391ebf45fed3aba09aa618cc45d91006ffd9d18c573ab21e09c347130bedb97d1488f2f884715b85772fccce2f451e4045b3b4b91787f3cf15556dc1000d,2f2c08e3b03ddd0abaf5e0ce05c64e7fac9011f35efe94c1d471ae932b330b1f5d4054714a3e8d6c554c52442b238eec1a6390ceff56ed22bd4b8e4b3f879e70
1790135086594,receipt,rcpt_49aad059b4282359686e,,ca_7cd6e028,internal_transfer,,,,49aad059b4282359686edd4f14a672e9369fa798b57cf1c81a4cc8431658246b4380aeecf93be456c33bc22e09e13ad18f549e1644338dba6fdbf0b72ab61702,75b2391ebf45fed3aba09aa618cc45d91006ffd9d18c573ab21e09c347130bedb97d1488f2f884715b85772fccce2f451e4045b3b4b91787f3cf15556dc1000d
1790135086641,receipt,rcpt_7c0cef729eaaa036a117,,ca_7cd6e028,internal_transfer,,,,7c0cef729eaaa036a117bfe042ab88908ca1847c02193faae9235adb71d57085a7ba717e0daa2a2d658a46cb17c1208e6e905f096e5573757a33e88097af6e7a,49aad059b4282359686edd4f14a672e9369fa798b57cf1c81a4cc8431658246b4380aeecf93be456c33bc22e09e13ad18f549e1644338dba6fdbf0b72ab61702
1790135086676,receipt,rcpt_89149de5b04b088cd66a,,ca_7cd6e028,internal_transfer,,,,89149de5b04b088cd66a433691c304961074228878ff895a7a86bbfdbee92a1947e59a347ea233a869ddc72746ca6d27e7786078c14318bcba5e8522521fe6d8,7c0cef729eaaa036a117bfe042ab88908ca1847c02193faae9235adb71d57085a7ba717e0daa2a2d658a46cb17c1208e6e905f096e5573757a33e88097af6e7a
1790135086721,receipt,rcpt_8e75b5c41cb005751d43,,ca_7cd6e028,internal_transfer,,,,8e75b5c41cb005751d436ace6a6062ba0f875d40305788dffc80a626096015af7467f7f12f0eb77b061860efd95585636aa8da9e89d7e9caf5e736b7ec868919,89149de5b04b088cd66a433691c304961074228878ff895a7a86bbfdbee92a1947e59a347ea233a869ddc72746ca6d27e7786078c14318bcba5e8522521fe6d8
1790135086754,receipt,rcpt_f7bbfc262e222b282593,,ca_7cd6e028,internal_transfer,,,,f7bbfc262e222b282593895819ce198d56464111c0fb60d70aa9fc2d6b2c07d984b6848dd710d5a37adc404b1ea2c84f3121319cca3f3f790cf3eadd66ddba35,8e75b5c41cb005751d436ace6a6062ba0f875d40305788dffc80a626096015af7467f7f12f0eb77b061860efd95585636aa8da9e89d7e9caf5e736b7ec868919
1790135086779,receipt,rcpt_7f209f087e4a4e1ac1e6,,ca_7cd6e028,internal_transfer,,,,7f209f087e4a4e1ac1e60ebdf96f8198c40c5a685c54157397d2cf99b0a50f1ae0315e88000e5ec5e7f80eae942c48ea652eb22b9752e8db2b634b0979c54bbd,f7bbfc262e222b282593895819ce198d56464111c0fb60d70aa9fc2d6b2c07d984b6848dd710d5a37adc404b1ea2c84f3121319cca3f3f790cf3eadd66ddba35
1790135086811,receipt,rcpt_2e5361a13c0e72dea940,,ca_7cd6e028,internal_transfer,,,,2e5361a13c0e72dea940166b81519d1097585b9817fec60329e94da91e8b703c31ef9b2df758d8920ed33fe19b58e1295fc255298ef2d59183d9551aba8d0326,7f209f087e4a4e1ac1e60ebdf96f8198c40c5a685c54157397d2cf99b0a50f1ae0315e88000e5ec5e7f80eae942c48ea652eb22b9752e8db2b634b0979c54bbd
1790135086833,receipt,rcpt_bf9134f48342cfe21c34,,ca_7cd6e028,internal_transfer,,,,bf9134f48342cfe21c34cf752998bcde36646cfbb40b4f98dfaaadeb2b8a552872952abf1ab652525755a54e6f5a32e3fb7c2cdee417e6cd7de9a3ab185f2098,2e5361a13c0e72dea940166b81519d1097585b9817fec60329e94da91e8b703c31ef9b2df758d8920ed33fe19b58e1295fc255298ef2d59183d9551aba8d0326
1790135087201,receipt,rcpt_288c0e7e08b3061498a6,,ca_7cd6e028,internal_transfer,,,,288c0e7e08b3061498a6f559e7b814c1a09abb92006eb68205b9e23bed37e7e5779dd7a8e87e73e0977d8c815cbc28269ed53cd272f6c788370c61edfef812d4,bf9134f48342cfe21c34cf752998bcde36646cfbb40b4f98dfaaadeb2b8a552872952abf1ab652525755a54e6f5a32e3fb7c2cdee417e6cd7de9a3ab185f2098
1790135087224,receipt,rcpt_888e8dd711eef18f7476,,ca_7cd6e028,internal_transfer,,,,888e8dd711eef18f747660b5328f1c0946b0901516be027f8d96669d179998adc6c734bd7fbe5adcd7135ffd28c42e66b7ac662f47fb88562f4d837e737872f6,288c0e7e08b3061498a6f559e7b814c1a09abb92006eb68205b9e23bed37e7e5779dd7a8e87e73e0977d8c815cbc28269ed53cd272f6c788370c61edfef812d4
1790135087260,receipt,rcpt_6f45494602a197fd6db5,,ca_7cd6e028,internal_transfer,,,,6f45494602a197fd6db5645be8450513201b0ff7fef62acbae6b69d272cd819c9046ceb1cfc5807cefcf30d6d4463bfed3193c35c08b4786c020f4a003b6ee63,888e8dd711eef18f747660b5328f1c0946b0901516be027f8d96669d179998adc6c734bd7fbe5adcd7135ffd28c42e66b7ac662f47fb88562f4d837e737872f6
1790135087296,receipt,rcpt_1faa493f1283eb208187,,ca_7cd6e028,internal_transfer,,,,1faa493f1283eb208187174c7ffa46ce841367a753b6f70e0dcd700920dfaa906d8304f1327003e8579b05f3c476a65cbd2dbd7db4df2e4463a328c712ccaa9e,6f45494602a197fd6db5645be8450513201b0ff7fef62acbae6b69d272cd819c9046ceb1cfc5807cefcf30d6d4463bfed3193c35c08b4786c020f4a003b6ee63
1790135087326,receipt,rcpt_1483e0c8624cef2ae0f1,,ca_7cd6e028,internal_transfer,,,,1483e0c8624cef2ae0f1d064139816bcfa69169a483453a373e8ea4f8ce31d29849006a29779e9e44ba0133454a934911f5bf5e91facf062ae8f39acbce3b326,1faa493f1283eb208187174c7ffa46ce841367a753b6f70e0dcd700920dfaa906d8304f1327003e8579b05f3c476a65cbd2dbd7db4df2e4463a328c712ccaa9e
1790135087351,receipt,rcpt_1c12774ef8e839f27548,,ca_7cd6e028,internal_transfer,,,,1c12774ef8e839f275481f06867c025c555b686710cdce0620cbfa83db12c2e23fea9e60c95d94df2627538c430968ad416271a14c63b474d2e7379aebb00d15,1483e0c8624cef2ae0f1d064139816bcfa69169a483453a373e8ea4f8ce31d29849006a29779e9e44ba0133454a934911f5bf5e91facf062ae8f39acbce3b326
1790135087375,receipt,rcpt_f5b114baf77e186f12c5,,ca_7cd6e028,internal_transfer,,,,f5b114baf77e186f12c51d25f41e832cc0a188bc36cb6e007db8685948607146ac79a30bc539eb8351778d3e94a0305536f58a02c5becbf9060f24de80da8295,1c12774ef8e839f275481f06867c025c555b686710cdce0620cbfa83db12c2e23fea9e60c95d94df2627538c430968ad416271a14c63b474d2e7379aebb00d15
1790135087399,receipt,rcpt_0278b5bb3d23b7c23b9d,,ca_7cd6e028,internal_transfer,,,,0278b5bb3d23b7c23b9dd1e08800e5386852c5948e50c551bcd4dd3e849d8f555d3c3c94a40b46654a1ec775f4f6c0892e8ddce6a64e46533ac12b6edb8bf29d,f5b114baf77e186f12c51d25f41e832cc0a188bc36cb6e007db8685948607146ac79a30bc539eb8351778d3e94a0305536f58a02c5becbf9060f24de80da8295
1790135087422,receipt,rcpt_dcaab5c98b4b734772b9,,ca_7cd6e028,internal_transfer,,,,dcaab5c98b4b734772b98d98d036349f89c8367fa89b44e2bef1228b64fa66e80d93d243e355c0a9828ae06b0b5742040e7f31f654d4ed3e5c7e97564aa0f9e3,0278b5bb3d23b7c23b9dd1e08800e5386852c5948e50c551bcd4dd3e849d8f555d3c3c94a40b46654a1ec775f4f6c0892e8ddce6a64e46533ac12b6edb8bf29d
1790135087450,receipt,rcpt_1df1e7cca06e8442fad5,,ca_7cd6e028,internal_transfer,,,,1df1e7cca06e8442fad58159bf4b143084c9a24550be3ae0dab0231cf17fee699dc962c8506a9d6ff1cccc9fc8f4932460598a0bff9b445b92e241336cf89a06,dcaab5c98b4b734772b98d98d036349f89c8367fa89b44e2bef1228b64fa66e80d93d243e355c0a9828ae06b0b5742040e7f31f654d4ed3e5c7e97564aa0f9e3
1790135087474,receipt,rcpt_c6203fa465a18df179c0,,ca_7cd6e028,internal_transfer,,,,c6203fa465a18df179c0b5bc6370611df58cc114641ce4fc4cae7ab62240484a60fef58bf584b1c4185f2152adaa77440d61d6770e5ae187fa891baa316475d5,1df1e7cca06e8442fad58159bf4b143084c9a24550be3ae0dab0231cf17fee699dc962c8506a9d6ff1cccc9fc8f4932460598a0bff9b445b92e241336cf89a06
1790135087497,receipt,rcpt_96d61dbdbcd90d5389f7,,ca_7cd6e028,internal_transfer,,,,96d61dbdbcd90d5389f7b91c33af72ffffa8b7e873cc41d357b54e8904625776fe024d1eb09faf1bc8c91295930c6f0d3f1e5ab970c2c424bf236256df6e0ab1,c6203fa465a18df179c0b5bc6370611df58cc114641ce4fc4cae7ab62240484a60fef58bf584b1c4185f2152adaa77440d61d6770e5ae187fa891baa316475d5
1790135087523,receipt,rcpt_e0d6460d9c96f8f23e64,,ca_7cd6e028,internal_transfer,,,,e0d6460d9c96f8f23e64f4f3580fa4fdb1e7b20a545f73f78bcffc8e13288ea0ca4d3dc6400e8008ee4ae6b1e96cd4bb70c653ad28c53da37a56f0b54e3885c0,96d61dbdbcd90d5389f7b91c33af72ffffa8b7e873cc41d357b54e8904625776fe024d1eb09faf1bc8c91295930c6f0d3f1e5ab970c2c424bf236256df6e0ab1
1790135087546,receipt,rcpt_9356e0295c9198045d98,,ca_7cd6e028,internal_transfer,,,,9356e0295c9198045d98f1436756c1ff05712faec92c35334474417bfbadc4274509bbbc44e149c7854bdb0d5b270cad129eb437982f93af28a762cf47fd0a33,e0d6460d9c96f8f23e64f4f3580fa4fdb1e7b20a545f73f78bcffc8e13288ea0ca4d3dc6400e8008ee4ae6b1e96cd4bb70c653ad28c53da37a56f0b54e3885c0
1790135087571,receipt,rcpt_f0919571ad9f2e49b347,,ca_7cd6e028,internal_transfer,,,,f0919571ad9f2e49b34785778552101f9499691adcd08d26bab82ea0288abed5e308265a19c9433291fc9881f2f5b915e2ccf087cf32d795fcf57af0e499515c,9356e0295c9198045d98f1436756c1ff05712faec92c35334474417bfbadc4274509bbbc44e149c7854bdb0d5b270cad129eb437982f93af28a762cf47fd0a33
1790135087598,receipt,rcpt_e8fbbb02027542130531,,ca_7cd6e028,internal_transfer,,,,e8fbbb020275421305314d3b9f22c8621ec333b7673913a0f86581218de2e2631f84a0aff74388a1c9665cf8b0322293d6c46ada1809cd296c2fe381a7baae14,f0919571ad9f2e49b34785778552101f9499691adcd08d26bab82ea0288abed5e308265a19c9433291fc9881f2f5b915e2ccf087cf32d795fcf57af0e499515c
1790135087961,receipt,rcpt_4e06bb977240fa987def,,ca_7cd6e028,internal_transfer,,,,4e06bb977240fa987defbd269e65a844b68f31e5d2235e66824f708c9c5f02d5fb2cb27595d88ae6b2d5ba96c84fbb7c78b9b63e4c17579123c898db75041632,e8fbbb020275421305314d3b9f22c8621ec333b7673913a0f86581218de2e2631f84a0aff74388a1c9665cf8b0322293d6c46ada1809cd296c2fe381a7baae14
1790135087986,receipt,rcpt_667665b2c472b9afa16c,,ca_7cd6e028,internal_transfer,,,,667665b2c472b9afa16c00f685ee3101eb4cbc1337d5dffdb1bc44608fafd957fa9a0bb272a8208ed4356deb365972a8cdc65583f1fecc13fea0d13b00cfa546,4e06bb977240fa987defbd269e65a844b68f31e5d2235e66824f708c9c5f02d5fb2cb27595d88ae6b2d5ba96c84fbb7c78b9b63e4c17579123c898db75041632
1790135088024,receipt,rcpt_c15a9274aa95102c29d9,,ca_7cd6e028,internal_transfer,,,,c15a9274aa95102c29d9b101a8712cece68c66d6f49223b8aa6286ad74a9ba8ccbffe593a16bce01d579a6011105b3f5dfdbbed263ca2a1df445111208cacf21,667665b2c472b9afa16c00f685ee3101eb4cbc1337d5dffdb1bc44608fafd957fa9a0bb272a8208ed4356deb365972a8cdc65583f1fecc13fea0d13b00cfa546
1790135088057,receipt,rcpt_364f916ba79eac24f0eb,,ca_7cd6e028,internal_transfer,,,,364f916ba79eac24f0eb4b5d0a279ffad5ee486340574bff81aebee16ff835e9df3ed6517b01781ff26b6103b061a5632a7f72edaf79ecffe8dc597684ab408d,c15a9274aa95102c29d9b101a8712cece68c66d6f49223b8aa6286ad74a9ba8ccbffe593a16bce01d579a6011105b3f5dfdbbed263ca2a1df445111208cacf21
1790135088081,receipt,rcpt_7d59cd8a4617a4625b43,,ca_7cd6e028,internal_transfer,,,,7d59cd8a4617a4625b43ad585aa7a4865c9c9892b469f5390421df64943e4b4395d24a4beb695a82557e25675e308887a7ee6816c7a70dfd5b7fd55679c8e455,364f916ba79eac24f0eb4b5d0a279ffad5ee486340574bff81aebee16ff835e9df3ed6517b01781ff26b6103b061a5632a7f72edaf79ecffe8dc597684ab408d
1790135088105,receipt,rcpt_23da475131716f8d2a31,,ca_7cd6e028,internal_transfer,,,,23da475131716f8d2a312465d59f3ba252f3809477f3d739bc65050d53f32500e6f47cf8ce8d19d75ab697e00729de387b8abf93d50d16a5937a413b9682c810,7d59cd8a4617a4625b43ad585aa7a4865c9c9892b469f5390421df64943e4b4395d24a4beb695a82557e25675e308887a7ee6816c7a70dfd5b7fd55679c8e455
1790135088131,receipt,rcpt_6fce1c7fcd689235a4f9,,ca_7cd6e028,internal_transfer,,,,6fce1c7fcd689235a4f95ba51394bc6e76dc9b4642337c3e01a607ce60a6f36e69638e4316d324fc910de474542cd30e4c0d7cc8fb654088a407002039aaa0dc,23da475131716f8d2a312465d59f3ba252f3809477f3d739bc65050d53f32500e6f47cf8ce8d19d75ab697e00729de387b8abf93d50d16a5937a413b9682c810
1790135088154,receipt,rcpt_b6f2a3a75ce08cc2a1fb,,ca_7cd6e028,internal_transfer,,,,b6f2a3a75ce08cc2a1fb0524ecb75b3488e1357800eb650e2880387c0fbe7352f9eddc778f5dbd86b54877d53ea7a8002468da455491d6722f5bc4828b963729,6fce1c7fcd689235a4f95ba51394bc6e76dc9b4642337c3e01a607ce60a6f36e69638e4316d324fc910de474542cd30e4c0d7cc8fb654088a407002039aaa0dc
1790135088180,receipt,rcpt_a4309a7f15c678cc7fff,,ca_7cd6e028,internal_transfer,,,,a4309a7f15c678cc7fff97906fa2845dda3b67a2c2fbca18b169fcb4dac3222fbf4c9da63dc0504d292a3b5923d1486e176372a10b25912233d90f0958d20ec5,b6f2a3a75ce08cc2a1fb0524ecb75b3488e1357800eb650e2880387c0fbe7352f9eddc778f5dbd86b54877d53ea7a8002468da455491d6722f5bc4828b963729
1790135088204,receipt,rcpt_e4ff5602eb57fdfbeafb,,ca_7cd6e028,internal_transfer,,,,e4ff5602eb57fdfbeafbf6627cedd4374797eaeff32148ed193675448d1b64794c1bf3903a46a232eba12bcb861e7e3188c787f2297bfa8298485316c62fb559,a4309a7f15c678cc7fff97906fa2845dda3b67a2c2fbca18b169fcb4dac3222fbf4c9da63dc0504d292a3b5923d1486e176372a10b25912233d90f0958d20ec5
1790135088228,receipt,rcpt_afce1eccfcf74525b382,,ca_7cd6e028,internal_transfer,,,,afce1eccfcf74525b382468d6d7d4179ea2fa72d98e5828b9c24640c65e816c0a9d6a57ed6242e68fd51bb05fb0c350dfbc9b49685de4d91ab57575b2cec7534,e4ff5602eb57fdfbeafbf6627cedd4374797eaeff32148ed193675448d1b64794c1bf3903a46a232eba12bcb861e7e3188c787f2297bfa8298485316c62fb559
1790135088255,receipt,rcpt_6ed1e7068e4b874761ed,,ca_7cd6e028,internal_transfer,,,,6ed1e7068e4b874761edbdd38bc47b77459c6eebd06f94003455ed8045ec0dd6777d026a07d89b79baebe83460b6acfd8de1dff151c501b8547f38f2778deb53,afce1eccfcf74525b382468d6d7d4179ea2fa72d98e5828b9c24640c65e816c0a9d6a57ed6242e68fd51bb05fb0c350dfbc9b49685de4d91ab57575b2cec7534
1790135088280,receipt,rcpt_c8fc5701cfd1ac785423,,ca_7cd6e028,internal_transfer,,,,c8fc5701cfd1ac7854230e5c567cbfa18c329da1c09ef733e23c8a1c03b99d9f10ae30fc611a6fae1c84a60c42078cc6480235481f2a58a21d239e1ef34ca4ce,6ed1e7068e4b874761edbdd38bc47b77459c6eebd06f94003455ed8045ec0dd6777d026a07d89b79baebe83460b6acfd8de1dff151c501b8547f38f2778deb53
1790135088310,receipt,rcpt_1ea10845e3858436a025,,ca_7cd6e028,internal_transfer,,,,1ea10845e3858436a0256ae43b319cafdbbc97604f546528a4f5e2303b94380a9d6e44ebf30188f4124cc9fafac8de1cca5133c2098733c52ba1463cc30b6188,c8fc5701cfd1ac7854230e5c567cbfa18c329da1c09ef733e23c8a1c03b99d9f10ae30fc611a6fae1c84a60c42078cc6480235481f2a58a21d239e1ef34ca4ce
1790135088336,receipt,rcpt_e0f6959db6ec0b59f983,,ca_7cd6e028,internal_transfer,,,,e0f6959db6ec0b59f98347233cd759a91bf3fa701d1759581f55a9a8efd2c300aeaf9b6f4dc2e5853902dc3801495dc7a041a8e8ba55f83fd37fc3517e1d696e,1ea10845e3858436a0256ae43b319cafdbbc97604f546528a4f5e2303b94380a9d6e44ebf30188f4124cc9fafac8de1cca5133c2098733c52ba1463cc30b6188
1790135088365,receipt,rcpt_a6c4552ac44338ffb2a5,,ca_7cd6e028,internal_transfer,,,,a6c4552ac44338ffb2a501aa9bd8a0972c3b6e2b410449467f882d5df491179423da43ac55d6a8cc3388d119ed008f60ca44036495a527c7a6f1cff7969eb0f9,e0f6959db6ec0b59f98347233cd759a91bf3fa701d1759581f55a9a8efd2c300aeaf9b6f4dc2e5853902dc3801495dc7a041a8e8ba55f83fd37fc3517e1d696e
1790135088733,receipt,rcpt_7cb541eea739226ed242,,ca_7cd6e028,internal_transfer,,,,7cb541eea739226ed242f933c671d1f53524bff84e1915d00dffa91b5587a97d72884865c574b1c6b924bda532e3df924948b8e266c031b230d71705c5a8351d,a6c4552ac44338ffb2a501aa9bd8a0972c3b6e2b410449467f882d5df491179423da43ac55d6a8cc3388d119ed008f60ca44036495a527c7a6f1cff7969eb0f9
1790135088761,receipt,rcpt_9710b072ae2e13f1bb31,,ca_7cd6e028,internal_transfer,,,,9710b072ae2e13f1bb31a53233678027af8204219f599fe6bcade4e71a9ddda197cb0c80a20b1a80d4ac462a4cb7486be59b859969238c6ee92e522c289d7ae2,7cb541eea739226ed242f933c671d1f53524bff84e1915d00dffa91b5587a97d72884865c574b1c6b924bda532e3df924948b8e266c031b230d71705c5a8351d
1790135088786,receipt,rcpt_6314cb3511bd426fca9d,,ca_7cd6e028,internal_transfer,,,,6314cb3511bd426fca9d9164913a7106b23b1df7402bd4ee5745b21250dfbbb90cabe082e5a75fb861da08b5961de099fc8fa22c2c143867a6792675e4424aaf,9710b072ae2e13f1bb31a53233678027af8204219f599fe6bcade4e71a9ddda197cb0c80a20b1a80d4ac462a4cb7486be59b859969238c6ee92e522c289d7ae2
1790135088829,receipt,rcpt_2efcafbe1b47cd9cdfd3,,ca_7cd6e028,internal_transfer,,,,2efcafbe1b47cd9cdfd39405abc180ce6c0649970ab032ba49d7835ae9745fffd238834869d93ee7fe30f5848e6d84b9ac3077acdacd4dd60dd761bc5ad3297e,6314cb3511bd426fca9d9164913a7106b23b1df7402bd4ee5745b21250dfbbb90cabe082e5a75fb861da08b5961de099fc8fa22c2c143867a6792675e4424aaf
1790135088864,receipt,rcpt_8dee4d45de6da67ed824,,ca_7cd6e028,internal_transfer,,,,8dee4d45de6da67ed82443ee040ccc99ee9b2e7bb34f5e10ca0e869bd96418c6d00132ec32d430fbc95afb5e34ed98d08d484a02ead6d81072716f1c1dab6506,2efcafbe1b47cd9cdfd39405abc180ce6c0649970ab032ba49d7835ae9745fffd238834869d93ee7fe30f5848e6d84b9ac3077acdacd4dd60dd761bc5ad3297e
1790135088889,receipt,rcpt_1ea7718c7e05417a7bde,,ca_7cd6e028,internal_transfer,,,,1ea7718c7e05417a7bde1cb20ff838a62428d9ff67528a71d6a8702381c3ebc1e86907ef1816fafef652e00b8a04db14e03916577410a00e34f3d2c18a1ffc86,8dee4d45de6da67ed82443ee040ccc99ee9b2e7bb34f5e10ca0e869bd96418c6d00132ec32d430fbc95afb5e34ed98d08d484a02ead6d81072716f1c1dab6506
1790135088928,receipt,rcpt_13cf1416931b731adac0,,ca_7cd6e028,internal_transfer,,,,13cf1416931b731adac08b48c3724cde1d79f613a9539103493f71df327e50d3f3f6c260e94e9747dbdd253a7d5711f40089493f4ca144d6c99001c27ecd7cf2,1ea7718c7e05417a7bde1cb20ff838a62428d9ff67528a71d6a8702381c3ebc1e86907ef1816fafef652e00b8a04db14e03916577410a00e34f3d2c18a1ffc86
1790135088969,receipt,rcpt_a02c8d4532843c8a08dc,,ca_7cd6e028,internal_transfer,,,,a02c8d4532843c8a08dcc447691a8d037af3f20721afa6f453ec59530ea2f2adcefc0b8dacfdaa5f4284c29849ae540ba3e6f6e8f48bb43b017e3512b1238d8c,13cf1416931b731adac08b48c3724cde1d79f613a9539103493f71df327e50d3f3f6c260e94e9747dbdd253a7d5711f40089493f4ca144d6c99001c27ecd7cf2
1790135088999,receipt,rcpt_75b43174ed7d7499fa5e,,ca_7cd6e028,internal_transfer,,,,75b43174ed7d7499fa5e38500dd4f8a2c301b420058a573e95c7c898da01a597cee386d9801ca57d91498036dd17a97812153e0afc0fb53aa67f82dc20de874f,a02c8d4532843c8a08dcc447691a8d037af3f20721afa6f453ec59530ea2f2adcefc0b8dacfdaa5f4284c29849ae540ba3e6f6e8f48bb43b017e3512b1238d8c
1790135089034,receipt,rcpt_13bfaa457d164e395fda,,ca_7cd6e028,internal_transfer,,,,13bfaa457d164e395fda422d53c36c6788780be5ca977e535cd3c660c5227bdfe93d9f6d6117038ab53e3a93ec37c581b40a869dcab1ee3d11dd92df70fa16c4,75b43174ed7d7499fa5e38500dd4f8a2c301b420058a573e95c7c898da01a597cee386d9801ca57d91498036dd17a97812153e0afc0fb53aa67f82dc20de874f
1790135089059,receipt,rcpt_1fabf70019e83f488fed,,ca_7cd6e028,internal_transfer,,,,1fabf70019e83f488fed2c1c053a72c091cf542734bb19190453b4e6dcfdc06498538144d14cc2fc4ca577bb4647f0792f259c647b366120556aa1b9a49ad058,13bfaa457d164e395fda422d53c36c6788780be5ca977e535cd3c660c5227bdfe93d9f6d6117038ab53e3a93ec37c581b40a869dcab1ee3d11dd92df70fa16c4
1790135089085,receipt,rcpt_bf40d272cb156d766630,,ca_7cd6e028,internal_transfer,,,,bf40d272cb156d76663051152a47f56b35215c54fdac12bab0b62fbba5642fd2c5fb5bb447c3bfcba2a3daf59b96237f52c695a41200beafd10c9c9203a6011f,1fabf70019e83f488fed2c1c053a72c091cf542734bb19190453b4e6dcfdc06498538144d14cc2fc4ca577bb4647f0792f259c647b366120556aa1b9a49ad058
1790135089122,receipt,rcpt_1d94c3be135b68521cc1,,ca_7cd6e028,internal_transfer,,,,1d94c3be135b68521cc1331b36c94d19e24e6e82c2e6a30f99d23f4bdd0f16237dd8095e8e86930f4b7e542fe476f5542c84866d1d5773bf27692c2ef87e6d29,bf40d272cb156d76663051152a47f56b35215c54fdac12bab0b62fbba5642fd2c5fb5bb447c3bfcba2a3daf59b96237f52c695a41200beafd10c9c9203a6011f
1790135089148,receipt,rcpt_88880e055f7b28fa357c,,ca_7cd6e028,internal_transfer,,,,88880e055f7b28fa357c2fe2669f8cea32f38579e7da3eace3ecea96f6c5a02afafe28d32eaf54a4bae4f21f48a8eb05e6510876ec55693719c1abe0cc2b9d75,1d94c3be135b68521cc1331b36c94d19e24e6e82c2e6a30f99d23f4bdd0f16237dd8095e8e86930f4b7e542fe476f5542c84866d1d5773bf27692c2ef87e6d29
1790135089176,receipt,rcpt_552f0d5b4c9fba596af8,,ca_7cd6e028,internal_transfer,,,,552f0d5b4c9fba596af85878d6db4997b740096e3d41589335742d8fd1bed0397d36dd5690459ea986fe54e0923402ed3f7a2846f74a83c90a9e17ad2b0b0683,88880e055f7b28fa357c2fe2669f8cea32f38579e7da3eace3ecea96f6c5a02afafe28d32eaf54a4bae4f21f48a8eb05e6510876ec55693719c1abe0cc2b9d75
1790135089204,receipt,rcpt_3145761711f34fda9e6f,,ca_7cd6e028,internal_transfer,,,,3145761711f34fda9e6fd6500986e440642e1dc4ec18be5090f2ad87d67a5a4dc71ca3180ab1a89d25644c9f0bbc854835eb0e9ab3ef16c2e6ced47cef2d0f04,552f0d5b4c9fba596af85878d6db4997b740096e3d41589335742d8fd1bed0397d36dd5690459ea986fe54e0923402ed3f7a2846f74a83c90a9e17ad2b0b0683
1790135089575,receipt,rcpt_77311f1bea041ab15ff2,,ca_7cd6e028,internal_transfer,,,,77311f1bea041ab15ff201bdbf2283de9e55f13756a05fee3a812e0457b4538e2cd82b55c8a4a4e6ea58e873ed3687b530d60afd1596d0b5aeeffa59668d2907,3145761711f34fda9e6fd6500986e440642e1dc4ec18be5090f2ad87d67a5a4dc71ca3180ab1a89d25644c9f0bbc854835eb0e9ab3ef16c2e6ced47cef2d0f04
1790135089622,receipt,rcpt_23c30b2e33474c5bc1cf,,ca_7cd6e028,internal_transfer,,,,23c30b2e33474c5bc1cfca8e3e493e33f20bbe1828bdbc7e9929d483137b24e9fd727bc654c450f679ed0adcab96a32a817ca5bb24cdf4be01afeb5c67b5f0e7,77311f1bea041ab15ff201bdbf2283de9e55f13756a05fee3a812e0457b4538e2cd82b55c8a4a4e6ea58e873ed3687b530d60afd1596d0b5aeeffa59668d2907
1790135089650,receipt,rcpt_0e6b2c68f2b363e1880e,,ca_7cd6e028,internal_transfer,,,,0e6b2c68f2b363e1880ec12a0ae70c5473c66041ba574b9824466944b2efbea723b75c311742da5e28c1b176c8d5c13a1864c96a80331c4263d0ba7c00adeddb,23c30b2e33474c5bc1cfca8e3e493e33f20bbe1828bdbc7e9929d483137b24e9fd727bc654c450f679ed0adcab96a32a817ca5bb24cdf4be01afeb5c67b5f0e7
1790135089690,receipt,rcpt_269f14c35f059a2544f7,,ca_7cd6e028,internal_transfer,,,,269f14c35f059a2544f7da70acf71c0e19d4572d5dcb6db543e80084c7fa8bcb3df1d3332f05dc90474be56567029b74de51dcae34cb5883d4f589126f405757,0e6b2c68f2b363e1880ec12a0ae70c5473c66041ba574b9824466944b2efbea723b75c311742da5e28c1b176c8d5c13a1864c96a80331c4263d0ba7c00adeddb
1790135089722,receipt,rcpt_5117e5758041baa55467,,ca_7cd6e028,internal_transfer,,,,5117e5758041baa55467d89aaec96ec7aa1a02652ba0942c396a634e9e1ac10ddc9807c0c650db6b38f2dde7d044de11cbff50cdf5b5cbc3abcd3e965e2968c5,269f14c35f059a2544f7da70acf71c0e19d4572d5dcb6db543e80084c7fa8bcb3df1d3332f05dc90474be56567029b74de51dcae34cb5883d4f589126f405757
1790135089751,receipt,rcpt_81a482f3906e07fc496e,,ca_7cd6e028,internal_transfer,,,,81a482f3906e07fc496e695d6d1263f8de1dcd76ad2f4ef320a7681748d6cdf0f10d2fde6a32b70daec8fe934bfdc909de238af6f3dc5a5f73dc0e47b6ca4089,5117e5758041baa55467d89aaec96ec7aa1a02652ba0942c396a634e9e1ac10ddc9807c0c650db6b38f2dde7d044de11cbff50cdf5b5cbc3abcd3e965e2968c5
1790135362993,receipt,rcpt_cd17feb7754cb07b3480,,ca_fec9215e,vault_credit,,,,cd17feb7754cb07b34805f63a8075c3567de60d8f02553f524f1218b767321feb9f5dc60a03cb479794f72c7fab71fd478771878b00f709b6dc5f440de181e5a,81a482f3906e07fc496e695d6d1263f8de1dcd76ad2f4ef320a7681748d6cdf0f10d2fde6a32b70daec8fe934bfdc909de238af6f3dc5a5f73dc0e47b6ca4089
1790135363327,receipt,rcpt_4d4dc9a2b1c4e4687d21,,ca_fec9215e,internal_transfer,,,,4d4dc9a2b1c4e4687d2177e058571dac918e21b2c45fbcaa75e886028a80241d787b77c76c802236ec47f55425e3a5fd4672fdcf6681b482e9795db286d5d561,cd17feb7754cb07b34805f63a8075c3567de60d8f02553f524f1218b767321feb9f5dc60a03cb479794f72c7fab71fd478771878b00f709b6dc5f440de181e5a
1790135363370,receipt,rcpt_fbad723c718385cf7409,,ca_fec9215e,internal_transfer,,,,fbad723c718385cf7409ce062cb5c4ca3d64db268c52472a2b4be88f33137a773156af9a6600e80433c3c82829d2599eff32ed4cdb8933ad879c88dbcb69115c,4d4dc9a2b1c4e4687d2177e058571dac918e21b2c45fbcaa75e886028a80241d787b77c76c802236ec47f55425e3a5fd4672fdcf6681b482e9795db286d5d561
1790135363417,receipt,rcpt_39a8f7837d2e72b51503,,ca_fec9215e,internal_transfer,,,,39a8f7837d2e72b5150342e56f9e74b0faf7a1cbe9776a7f9445688d7baf45b8f130421cf1865ae310245202a6eb7c7da613edceb1a638ec3728e9414e0b1450,fbad723c718385cf7409ce062cb5c4ca3d64db268c52472a2b4be88f33137a773156af9a6600e80433c3c82829d2599eff32ed4cdb8933ad879c88dbcb69115c
1790135363464,receipt,rcpt_10cdac4353f1d102d527,,ca_fec9215e,internal_transfer,,,,10cdac4353f1d102d5278bbf9b26a92fbb148ec701ea12699ed55807ba89dbafd8e86cd2182f672c562c396b712420439d72fc543a97247f8f612146f7108c2e,39a8f7837d2e72b5150342e56f9e74b0faf7a1cbe9776a7f9445688d7baf45b8f130421cf1865ae310245202a6eb7c7da613edceb1a638ec3728e9414e0b1450
1790135363502,receipt,rcpt_bd97b1f3c73728b32d8f,,ca_fec9215e,internal_transfer,,,,bd97b1f3c73728b32d8fe17f0a193e2c0293bf64a39e0877172b6f24cb01e166ddbb6a9011391bbf12c90fff4ef6eedede2fb13452cc28d6a61e398919df0ca1,10cdac4353f1d102d5278bbf9b26a92fbb148ec701ea12699ed55807ba89dbafd8e86cd2182f672c562c396b712420439d72fc543a97247f8f612146f7108c2e
1790135363540,receipt,rcpt_b499781e71c8636a69c8,,ca_fec9215e,internal_transfer,,,,b499781e71c8636a69c830cb35560dc6c38b342638f3cee8623ed5af8d496720476e168d11d59dac988e6d7498fc878bd844ca57a3286543fdaa4fa1b6791d72,bd97b1f3c73728b32d8fe17f0a193e2c0293bf64a39e0877172b6f24cb01e166ddbb6a9011391bbf12c90fff4ef6eedede2fb13452cc28d6a61e398919df0ca1
1790135363577,receipt,rcpt_76020bfc3ddaf8e4abcd,,ca_fec9215e,internal_transfer,,,,76020bfc3ddaf8e4abcda8438751a296a31936291f622495d31194aa12b76e28c5f2c5d21a5d0015ae2d74fb872d81dd75f5ec14801afa3f5958dff57d9a0ec5,b499781e71c8636a69c830cb35560dc6c38b342638f3cee8623ed5af8d496720476e168d11d59dac988e6d7498fc878bd844ca57a3286543fdaa4fa1b6791d72
1790135363615,receipt,rcpt_bb66b4204e13f67b9d9b,,ca_fec9215e,internal_transfer,,,,bb66b4204e13f67b9d9be13d7966e9b306f2fb2812ececaba71428a04457d8a14774969119a9577fdf0757c56a5b8dd51ceac26ea0b3bd160d6e712ea0d42858,76020bfc3ddaf8e4abcda8438751a296a31936291f622495d31194aa12b76e28c5f2c5d21a5d0015ae2d74fb872d81dd75f5ec14801afa3f5958dff57d9a0ec5
1790135363661,receipt,rcpt_0544e1c156ca743d4520,,ca_fec9215e,internal_transfer,,,,0544e1c156ca743d4520b53561af3456c506d7995c791478430b751931bb792dc3165e34633966056c4f5fe2ff1e086745bc9429a102e53b4c29e216b12874e4,bb66b4204e13f67b9d9be13d7966e9b306f2fb2812ececaba71428a04457d8a14774969119a9577fdf0757c56a5b8dd51ceac26ea0b3bd160d6e712ea0d42858
1790135364031,receipt,rcpt_67dee804e8701ca0c894,,ca_fec9215e,internal_transfer,,,,67dee804e8701ca0c894f52be1800fa8d8bb9d2f48b9973fba802aae5917251fc080428c84ead0585385c1fc0fc787f5e246631751586563e0fdae8c1ad13a6a,0544e1c156ca743d4520b53561af3456c506d7995c791478430b751931bb792dc3165e34633966056c4f5fe2ff1e086745bc9429a102e53b4c29e216b12874e4
1790135364080,receipt,rcpt_6de432c93b0c5a641d8d,,ca_fec9215e,internal_transfer,,,,6de432c93b0c5a641d8d9d390c8b4ba8722d4bdd72a1b0ce7f86396ee8d3088c33fb04f2711a19dff2afd9117f7c0f2b5d2f6519604de0c088c250b93073958b,67dee804e8701ca0c894f52be1800fa8d8bb9d2f48b9973fba802aae5917251fc080428c84ead0585385c1fc0fc787f5e246631751586563e0fdae8c1ad13a6a
1790135364129,receipt,rcpt_81cc70a06885c219c6eb,,ca_fec9215e,internal_transfer,,,,81cc70a06885c219c6eb5e821a14ecbf9a6f2e52722c6c95acec27706f125f819d73a4e232f4f88c9d57c1138079dc6354f4a3b944df73a9e7a69b97a1e15542,6de432c93b0c5a641d8d9d390c8b4ba8722d4bdd72a1b0ce7f86396ee8d3088c33fb04f2711a19dff2afd9117f7c0f2b5d2f6519604de0c088c250b93073958b
1790135364180,receipt,rcpt_bad5ab59cd0d6bfd15c6,,ca_fec9215e,internal_transfer,,,,bad5ab59cd0d6bfd15c66a91bb7c3c427c56ae7bafa39ad9e85f6f6251b64a4f180fab3d190ba3448c6b243eb75d1f2550b4e2c1e6df12100447732ddcd1726f,81cc70a06885c219c6eb5e821a14ecbf9a6f2e52722c6c95acec27706f125f819d73a4e232f4f88c9d57c1138079dc6354f4a3b944df73a9e7a69b97a1e15542
1790135364220,receipt,rcpt_6f763b21fb592acd1448,,ca_fec9215e,internal_transfer,,,,6f763b21fb592acd1448942835acf72edd3f2a02f7a10855441c028a2751c6dccb70447914d8179c8952864a8f91f868656262c5c3583a8bc4a12dc9995354b9,bad5ab59cd0d6bfd15c66a91bb7c3c427c56ae7bafa39ad9e85f6f6251b64a4f180fab3d190ba3448c6b243eb75d1f2550b4e2c1e6df12100447732ddcd1726f
1790135364258,receipt,rcpt_baae11724fc3b66dd685,,ca_fec9215e,internal_transfer,,,,baae11724fc3b66dd685a4674f43c041c31f2636a88b7c2f42984df19ac89604da598e3b26a9099070f025de61eade813441bfc1677cffa1272966d2449a7afa,6f763b21fb592acd1448942835acf72edd3f2a02f7a10855441c028a2751c6dccb70447914d8179c8952864a8f91f868656262c5c3583a8bc4a12dc9995354b9
1790135364355,receipt,rcpt_d70e3029e678a60753c3,,ca_fec9215e,internal_transfer,,,,d70e3029e678a60753c36b5056832038de5a49317806397d2cec9fe84b7d15a050caf94a144fddee5903a746e002ca6c6c2ca46aac3e418f2dde5557f6cacc12,baae11724fc3b66dd685a4674f43c041c31f2636a88b7c2f42984df19ac89604da598e3b26a9099070f025de61eade813441bfc1677cffa1272966d2449a7afa
1790135364396,receipt,rcpt_71cc3e470979953be1a1,,ca_fec9215e,internal_transfer,,,,71cc3e470979953be1a15598d24218c69825c806399341e4852ebbac92d10d26fbfedb3a56b2f613099fc3d22034b99b64f6dc6a805492501b42362080131d79,d70e3029e678a60753c36b5056832038de5a49317806397d2cec9fe84b7d15a050caf94a144fddee5903a746e002ca6c6c2ca46aac3e418f2dde5557f6cacc12
1790135364435,receipt,rcpt_0525fe7b63f53c7e3a7c,,ca_fec9215e,internal_transfer,,,,0525fe7b63f53c7e3a7c8640a7ea41c2d6bd82c5f421ecaaa64cd3101a1ef090e71a4694b16154289aa263737c41e7f5d8e7b9ef6197be6a4dde1a05381f70cc,71cc3e470979953be1a15598d24218c69825c806399341e4852ebbac92d10d26fbfedb3a56b2f613099fc3d22034b99b64f6dc6a805492501b42362080131d79
1790135364472,receipt,rcpt_2824dda0fa107018c5f2,,ca_fec9215e,internal_transfer,,,,2824dda0fa107018c5f2bd57d0fa5dd52e3e700829487dc9a32dcf5e8b729e6de6a9c2f18395be16ee9d127189be7aba7ab5e9a65e5747c04cddcfaf3052afdc,0525fe7b63f53c7e3a7c8640a7ea41c2d6bd82c5f421ecaaa64cd3101a1ef090e71a4694b16154289aa263737c41e7f5d8e7b9ef6197be6a4dde1a05381f70cc
1790135364511,receipt,rcpt_e39acaf54ca4617772da,,ca_fec9215e,internal_transfer,,,,e39acaf54ca4617772da8a9c600dec4d897a93e0cdc6c999b9b8924827881b794ea6ca7ebd4dac32ff697d220cc1de4de428bd6c5ad72cb6089aba7c444f5be1,2824dda0fa107018c5f2bd57d0fa5dd52e3e700829487dc9a32dcf5e8b729e6de6a9c2f18395be16ee9d127189be7aba7ab5e9a65e5747c04cddcfaf3052afdc
1790135364549,receipt,rcpt_9f42d374b01ff712449c,,ca_fec9215e,internal_transfer,,,,9f42d374b01ff712449ca6e40d4993d04afe22e4c8c8b359da4d6e63537b66f8e4275faf52fec8a30cb787665118ba764b441c61e2a8e97306c96125773efc0c,e39acaf54ca4617772da8a9c600dec4d897a93e0cdc6c999b9b8924827881b794ea6ca7ebd4dac32ff697d220cc1de4de428bd6c5ad72cb6089aba7c444f5be1
1790135364589,receipt,rcpt_c5103603d955831e2f21,,ca_fec9215e,internal_transfer,,,,c5103603d955831e2f21916418d36258f8b74516e9897e313630360ba8d27a7a23c52173030f24a1709bd4661cf905ac0359408c8a1cbc0384007daeeb4ab366,9f42d374b01ff712449ca6e40d4993d04afe22e4c8c8b359da4d6e63537b66f8e4275faf52fec8a30cb787665118ba764b441c61e2a8e97306c96125773efc0c
1790135364631,receipt,rcpt_0b4084d2497dadffb9cc,,ca_fec9215e,internal_transfer,,,,0b4084d2497dadffb9cc35659d2567e00123a02df7980e8a712771a2a8d400890050409b16f6d2ed4d7d588202800b00f3df8b56f2da93d10444af5ccc4aa674,c5103603d955831e2f21916418d36258f8b74516e9897e313630360ba8d27a7a23c52173030f24a1709bd4661cf905ac0359408c8a1cbc0384007daeeb4ab366
1790135364670,receipt,rcpt_8e6dd1676c6cddeb5c0c,,ca_fec9215e,internal_transfer,,,,8e6dd1676c6cddeb5c0cc54a2a4444e63b8a0c7c7364eb5708db0720f9052825efc704ff9c787ea5fa2854881a2314f50ec30eb5673656b07657416a5d37574c,0b4084d2497dadffb9cc35659d2567e00123a02df7980e8a712771a2a8d400890050409b16f6d2ed4d7d588202800b00f3df8b56f2da93d10444af5ccc4aa674
1790135364711,receipt,rcpt_6e402ca19f6cfcf38963,,ca_fec9215e,internal_transfer,,,,6e402ca19f6cfcf389632df9320f396265183c5aa8dfe25a8faf20d8a67c70f60dd833ee1f3052d9c423f0a9ebc1a219f09a038957293e310a215c4b2facd0ed,8e6dd1676c6cddeb5c0cc54a2a4444e63b8a0c7c7364eb5708db0720f9052825efc704ff9c787ea5fa2854881a2314f50ec30eb5673656b07657416a5d37574c
1790135365109,receipt,rcpt_e05ebdf3b1e41ee578a8,,ca_fec9215e,internal_transfer,,,,e05ebdf3b1e41ee578a8189189551fd50fee908983abbc69a75f1f7a44abb8975c55cda12b97552c91932e7a80a7ca5b79f79a90a2fdb61b3070999249557c44,6e402ca19f6cfcf389632df9320f396265183c5aa8dfe25a8faf20d8a67c70f60dd833ee1f3052d9c423f0a9ebc1a219f09a038957293e310a215c4b2facd0ed
1790135365149,receipt,rcpt_896bec34d1c9089d5118,,ca_fec9215e,internal_transfer,,,,896bec34d1c9089d5118288f50a10adfe56c24f8ae41e5d747faaf66ee4ba96ead2b44ffad9c419d4eea9f434153a65db5378badf18058a79f8bb0b5d372c39c,e05ebdf3b1e41ee578a8189189551fd50fee908983abbc69a75f1f7a44abb8975c55cda12b97552c91932e7a80a7ca5b79f79a90a2fdb61b3070999249557c44
1790135365196,receipt,rcpt_c43ebb90754222e1297c,,ca_fec9215e,internal_transfer,,,,c43ebb90754222e1297c006782d3038ef4dfbee28574b80933f2a4caa7e0c431eb50d9e18a1b06e9388c38f2ba6d7cc9576448bd851f655cab2440f783cbed5d,896bec34d1c9089d5118288f50a10adfe56c24f8ae41e5d747faaf66ee4ba96ead2b44ffad9c419d4eea9f434153a65db5378badf18058a79f8bb0b5d372c39c
1790135365234,receipt,rcpt_49b3f7c30a8ba8396ca5,,ca_fec9215e,internal_transfer,,,,49b3f7c30a8ba8396ca5b8719fd78307a93f83a99d9cf408844408d659b28a793dc5a828195724f1f7f4d0755798dada74140e30b73baff3c7875e5181b553ca,c43ebb90754222e1297c006782d3038ef4dfbee28574b80933f2a4caa7e0c431eb50d9e18a1b06e9388c38f2ba6d7cc9576448bd851f655cab2440f783cbed5d
1790135365270,receipt,rcpt_719299ccf983371f6789,,ca_fec9215e,internal_transfer,,,,719299ccf983371f678913f0f3b8f3571193957798fc0ab56340c2b2eaedd4b0414b711b7aa700f7c0fbf595b189467a532b73673795e73e334b48c934cbbb75,49b3f7c30a8ba8396ca5b8719fd78307a93f83a99d9cf408844408d659b28a793dc5a828195724f1f7f4d0755798dada74140e30b73baff3c7875e5181b553ca
1790135365308,receipt,rcpt_54b2b6f240f62adddb45,,ca_fec9215e,internal_transfer,,,,54b2b6f240f62adddb4517485825acf15f50c147ca049e7604e477768336a9dd7531cf98d863665cd338f5c84b269b031170301560661414acbdaa6f3d30f502,719299ccf983371f678913f0f3b8f3571193957798fc0ab56340c2b2eaedd4b0414b711b7aa700f7c0fbf595b189467a532b73673795e73e334b48c934cbbb75
1790135365346,receipt,rcpt_8804dcd40ef457c8d9d8,,ca_fec9215e,internal_transfer,,,,8804dcd40ef457c8d9d811e8f3ce0b07500f06e4851a091c370299c3fa0a5e169e9d733157ad317d23b90d522ba8d81662b12bd7016a8ba9f64f5f77c7dd4b0a,54b2b6f240f62adddb4517485825acf15f50c147ca049e7604e477768336a9dd7531cf98d863665cd338f5c84b269b031170301560661414acbdaa6f3d30f502
1790135365386,receipt,rcpt_3ba3c1d7c67c4273c175,,ca_fec9215e,internal_transfer,,,,3ba3c1d7c67c4273c175e52822d618e0a467664cf0d70d61861c323348b7f19d2b99b64f9db3e29e0b30c7ab702fa3e6deffd6ed989dd5f3fee6e1d609193eca,8804dcd40ef457c8d9d811e8f3ce0b07500f06e4851a091c370299c3fa0a5e169e9d733157ad317d23b90d522ba8d81662b12bd7016a8ba9f64f5f77c7dd4b0a
1790135365426,receipt,rcpt_59f64fb8946a25aa3f38,,ca_fec9215e,internal_transfer,,,,59f64fb8946a25aa3f38b682d97e210f0ccf23cb0c7ed2631b65f6cf4d254bc168da2b6f710081077b25524c45fb1782ae688376a4948001c5f0e0816354319c,3ba3c1d7c67c4273c175e52822d618e0a467664cf0d70d61861c323348b7f19d2b99b64f9db3e29e0b30c7ab702fa3e6deffd6ed989dd5f3fee6e1d609193eca
1790135365466,receipt,rcpt_1a7745551b7dbc710ee2,,ca_fec9215e,internal_transfer,,,,1a7745551b7dbc710ee25a7444805b4701e7b24326b5aa2d47e4dda32f46fcea1e4fb2bf9eb6294606604bd1df2ac37b8cdc92f2c4e26a799c0184033b3fc126,59f64fb8946a25aa3f38b682d97e210f0ccf23cb0c7ed2631b65f6cf4d254bc168da2b6f710081077b25524c45fb1782ae688376a4948001c5f0e0816354319c
1790135365510,receipt,rcpt_772c55cb0e077e643875,,ca_fec9215e,internal_transfer,,,,772c55cb0e077e643875ee9c9b1edc7501e407b1c43a6d94acff182cad93f8f83b278f71a8fdf2d9343bfd9c46fad40852a685a4b41cc467f1775b7ada39d6f3,1a7745551b7dbc710ee25a7444805b4701e7b24326b5aa2d47e4dda32f46fcea1e4fb2bf9eb6294606604bd1df2ac37b8cdc92f2c4e26a799c0184033b3fc126
1790135365554,receipt,rcpt_50e7b0134fd2236e5bc5,,ca_fec9215e,internal_transfer,,,,50e7b0134fd2236e5bc55e0005123b0868f76b3f900fa3f064e590f26f0971d46f38cdbc9ea3336e9a0cef70b69f70ede9e20dddedba49b0b309a0c2987157e8,772c55cb0e077e643875ee9c9b1edc7501e407b1c43a6d94acff182cad93f8f83b278f71a8fdf2d9343bfd9c46fad40852a685a4b41cc467f1775b7ada39d6f3
1790135365597,receipt,rcpt_d9157ff46a69c1b3b8cc,,ca_fec9215e,internal_transfer,,,,d9157ff46a69c1b3b8cc610d7114ea94043ae050addf6d08619a0e027bbabc5b5f9f65443a2f45f6baf91edfefdc07506b48bf23f0a7beb7822c772c1720b3ca,50e7b0134fd2236e5bc55e0005123b0868f76b3f900fa3f064e590f26f0971d46f38cdbc9ea3336e9a0cef70b69f70ede9e20dddedba49b0b309a0c2987157e8
1790135365645,receipt,rcpt_5be389f5f77aabc33119,,ca_fec9215e,internal_transfer,,,,5be389f5f77aabc33119b371f4f55b493e92567e12b7a8c32a54b108cdb969eb5c176c800802f70b9184a7622efc407852eacef33569f7fba9f812d3419269e6,d9157ff46a69c1b3b8cc610d7114ea94043ae050addf6d08619a0e027bbabc5b5f9f65443a2f45f6baf91edfefdc07506b48bf23f0a7beb7822c772c1720b3ca
1790135365687,receipt,rcpt_ad687557e0351394be53,,ca_fec9215e,internal_transfer,,,,ad687557e0351394be5354723e45aa0b41fee3408757e39def15260e37295401a99194b242ba9eba72678626119e48317440838be2b0faa4b39a7995489adcec,5be389f5f77aabc33119b371f4f55b493e92567e12b7a8c32a54b108cdb969eb5c176c800802f70b9184a7622efc407852eacef33569f7fba9f812d3419269e6
1790135365726,receipt,rcpt_1f3c5cc14e5f5055af90,,ca_fec9215e,internal_transfer,,,,1f3c5cc14e5f5055af90e6820627ab5ec30df2a262c9b61fcbdf4333c461f696563139833e5808dc4a5d38c450b18f422f37547d90582465d2d78d0ee1a9b5df,ad687557e0351394be5354723e45aa0b41fee3408757e39def15260e37295401a99194b242ba9eba72678626119e48317440838be2b0faa4b39a7995489adcec
1790135366110,receipt,rcpt_48442541941a37b72a10,,ca_fec9215e,internal_transfer,,,,48442541941a37b72a103dcc5a4df774c07d8a561541227aa80670dbf154c796497e244859b9b5c256649d591f98a9213bc17d18e1700bb82474dae42616d83f,1f3c5cc14e5f5055af90e6820627ab5ec30df2a262c9b61fcbdf4333c461f696563139833e5808dc4a5d38c450b18f422f37547d90582465d2d78d0ee1a9b5df
1790135366138,receipt,rcpt_8bbb64aba7d1b60abe5b,,ca_fec9215e,internal_transfer,,,,8bbb64aba7d1b60abe5b653edfeb5e105f3c105b06c3c2c97434b4fa47069f22fefd3db58ce30767454b677f2b0641b30c4dc7a397c0a1be8def565a0b05f6a3,48442541941a37b72a103dcc5a4df774c07d8a561541227aa80670dbf154c796497e244859b9b5c256649d591f98a9213bc17d18e1700bb82474dae42616d83f
1790135366170,receipt,rcpt_2fe7d2fa786cfece184f,,ca_fec9215e,internal_transfer,,,,2fe7d2fa786cfece184f5655594f9559aa565a8291f2e9fc648c2c6a5da8358f17499ac13a46cff6b113be51fdfc459e1419535c67438eaaccca5f8f077b7d59,8bbb64aba7d1b60abe5b653edfeb5e105f3c105b06c3c2c97434b4fa47069f22fefd3db58ce30767454b677f2b0641b30c4dc7a397c0a1be8def565a0b05f6a3
1790135366205,receipt,rcpt_5652c573f92785f8ef5b,,ca_fec9215e,internal_transfer,,,,5652c573f92785f8ef5bed7945afcd8933fd99677358d62a6fa711351645ae4b3dbdc5a3e0bb1761c285b2e66d70fac4d77fe3554fee505f49e84a0a903c5886,2fe7d2fa786cfece184f5655594f9559aa565a8291f2e9fc648c2c6a5da8358f17499ac13a46cff6b113be51fdfc459e1419535c67438eaaccca5f8f077b7d59
1790135366230,receipt,rcpt_5a6821f094f1b938f6dd,,ca_fec9215e,internal_transfer,,,,5a6821f094f1b938f6ddb75f5e5ee8b9dbf5d10443cce553a37bfc776d0f92e73bf30bf96449da24516209c86afe723558408d3e1a703a227e6d3632169ed76f,5652c573f92785f8ef5bed7945afcd8933fd99677358d62a6fa711351645ae4b3dbdc5a3e0bb1761c285b2e66d70fac4d77fe3554fee505f49e84a0a903c5886
1790135366268,receipt,rcpt_3af06dd0e391b40e1b60,,ca_fec9215e,internal_transfer,,,,3af06dd0e391b40e1b60d09f6c0d94d7dbf1a2bb6b57aabd478f2727c4bd3fa3af484fc4756d8ecc129779c1ec1bd7af0ff9aefcd8198a68625c0e716714a6d3,5a6821f094f1b938f6ddb75f5e5ee8b9dbf5d10443cce553a37bfc776d0f92e73bf30bf96449da24516209c86afe723558408d3e1a703a227e6d3632169ed76f
1790135366293,receipt,rcpt_4574406b8b8ae90088bc,,ca_fec9215e,internal_transfer,,,,4574406b8b8ae90088bc29b361f58c8be8dd40f10ddfa7709e56c2c823dd8426fc63b20268b58690dca28b75ab7c7e1607e9be658e150630e7cbac05e446fed9,3af06dd0e391b40e1b60d09f6c0d94d7dbf1a2bb6b57aabd478f2727c4bd3fa3af484fc4756d8ecc129779c1ec1bd7af0ff9aefcd8198a68625c0e716714a6d3
1790135366330,receipt,rcpt_f8e09fc128c1603542b3,,ca_fec9215e,internal_transfer,,,,f8e09fc128c1603542b310d79ccbf1e52d7d70473a499e85bc8ed1391f1f8c1c02b5cdc7809732f131fc06eb2aa148a5a8c5bd2fc5ec0aca197c7dc7f67427a3,4574406b8b8ae90088bc29b361f58c8be8dd40f10ddfa7709e56c2c823dd8426fc63b20268b58690dca28b75ab7c7e1607e9be658e150630e7cbac05e446fed9
1790135366355,receipt,rcpt_d71c8279ada98e52f2a0,,ca_fec9215e,internal_transfer,,,,d71c8279ada98e52f2a0e787f84c25f95aff31f236b8a12ee8dfc321f428d900845127d0a3080eb037d9500ee758e2d4d0e229edd3b9a87502ab3ef67665aabd,f8e09fc128c1603542b310d79ccbf1e52d7d70473a499e85bc8ed1391f1f8c1c02b5cdc7809732f131fc06eb2aa148a5a8c5bd2fc5ec0aca197c7dc7f67427a3
1790135366393,receipt,rcpt_f4df3547bc406307aed7,,ca_fec9215e,internal_transfer,,,,f4df3547bc406307aed7c164db4bd10ef70d8eff8c0e84abb07fd3b10de2af917db7178a96413db583d151c7e0d8b07a06cc702074ae34bf41d9f6322c21e8d1,d71c8279ada98e52f2a0e787f84c25f95aff31f236b8a12ee8dfc321f428d900845127d0a3080eb037d9500ee758e2d4d0e229edd3b9a87502ab3ef67665aabd
1790135366419,receipt,rcpt_3e1e98df610ff45189ae,,ca_fec9215e,internal_transfer,,,,3e1e98df610ff45189ae401192c294c8d59e3d0a518797d851414b8175d813b07891e190772cd4818e2c04a1b5f28ad3139a879e6640c91ac1415d8a4f83a8db,f4df3547bc406307aed7c164db4bd10ef70d8eff8c0e84abb07fd3b10de2af917db7178a96413db583d151c7e0d8b07a06cc702074ae34bf41d9f6322c21e8d1
1790135366454,receipt,rcpt_b8312d2ab7fd954c13ef,,ca_fec9215e,internal_transfer,,,,b8312d2ab7fd954c13ef69e2f12e184e483d522ba0b57f6723e788439cfe5c4705ac664b5b6fc84f3787565150d99e3632d740c5578fb844b635175ebccb5fc5,3e1e98df610ff45189ae401192c294c8d59e3d0a518797d851414b8175d813b07891e190772cd4818e2c04a1b5f28ad3139a879e6640c91ac1415d8a4f83a8db
1790135366482,receipt,rcpt_2ded233d2db7f5e89637,,ca_fec9215e,internal_transfer,,,,2ded233d2db7f5e89637e243f19f3f8e0e1cfa1698d959d3a74e48d2812b98b8428efd525b2a439aa5a5639ff6d32fe7edb64a64d499433d8117d3bcaee3e25d,b8312d2ab7fd954c13ef69e2f12e184e483d522ba0b57f6723e788439cfe5c4705ac664b5b6fc84f3787565150d99e3632d740c5578fb844b635175ebccb5fc5
1790135366522,receipt,rcpt_3b24a7a8056b6d6018fe,,ca_fec9215e,internal_transfer,,,,3b24a7a8056b6d6018fe6accbc116a160bae445380956398735f756e1034c1e74fca63838a363f69a559adf0c199ade8ed5ac3242428425a8d9cc04cde763f84,2ded233d2db7f5e89637e243f19f3f8e0e1cfa1698d959d3a74e48d2812b98b8428efd525b2a439aa5a5639ff6d32fe7edb64a64d499433d8117d3bcaee3e25d
1790135366548,receipt,rcpt_d8ff7a8e870a916cfe47,,ca_fec9215e,internal_transfer,,,,d8ff7a8e870a916cfe47b24afb01d97524d367ec02618569ecc545f6c4d46663dba98720560fe3399d34af7e292abe6eac8bcb27f03baa35ba5cd47702874d1d,3b24a7a8056b6d6018fe6accbc116a160bae445380956398735f756e1034c1e74fca63838a363f69a559adf0c199ade8ed5ac3242428425a8d9cc04cde763f84
1790135366583,receipt,rcpt_796cee1402c8ef0871dc,,ca_fec9215e,internal_transfer,,,,796cee1402c8ef0871dc6ba882d3ead583b1d8fb7316f0c1515dd1310e76fd13a2fbf6fe5923acbe58c9ad68dac62fdd271dfeddc35770246a9d7b63ae66e5ce,d8ff7a8e870a916cfe47b24afb01d97524d367ec02618569ecc545f6c4d46663dba98720560fe3399d34af7e292abe6eac8bcb27f03baa35ba5cd47702874d1d
1790135366977,receipt,rcpt_3bdabf395d52fdef6dc9,,ca_fec9215e,internal_transfer,,,,3bdabf395d52fdef6dc9ea90894eeb8e8c9746de4a6fcbcff3ac7ec792f03112fb01996f07e9d8e877f1f9de41783ab3b5f882308dbaa540bb4bccf9d05b3d64,796cee1402c8ef0871dc6ba882d3ead583b1d8fb7316f0c1515dd1310e76fd13a2fbf6fe5923acbe58c9ad68dac62fdd271dfeddc35770246a9d7b63ae66e5ce
1790135367006,receipt,rcpt_97a2775c94b0ae583daa,,ca_fec9215e,internal_transfer,,,,97a2775c94b0ae583daab30da751e1072d8279c939d8e6f9ffda6ba410810c680aaa0f2d6dcf60b36f5289cee75f33f5e585ceca4f59e5522955d254bcb38b85,3bdabf395d52fdef6dc9ea90894eeb8e8c9746de4a6fcbcff3ac7ec792f03112fb01996f07e9d8e877f1f9de41783ab3b5f882308dbaa540bb4bccf9d05b3d64
1790135367044,receipt,rcpt_74a218e2f40276ebf0cb,,ca_fec9215e,internal_transfer,,,,74a218e2f40276ebf0cbc7d42a386c34de1a2998679ee779ee6eb222743473a70d56a4a75a4c77aed266a8c8db4961584d22fd5c841937320d1a6dadb00a6feb,97a2775c94b0ae583daab30da751e1072d8279c939d8e6f9ffda6ba410810c680aaa0f2d6dcf60b36f5289cee75f33f5e585ceca4f59e5522955d254bcb38b85
1790135367082,receipt,rcpt_65c26860bb8a6a291ae9,,ca_fec9215e,internal_transfer,,,,65c26860bb8a6a291ae9dcc62fbc272d78bda2857fa4d48f42a0ebbe1676d61229a294f013fc24e0b182e782c5439e057c84fa8b972c5c861b8cdbd757447734,74a218e2f40276ebf0cbc7d42a386c34de1a2998679ee779ee6eb222743473a70d56a4a75a4c77aed266a8c8db4961584d22fd5c841937320d1a6dadb00a6feb
1790135367109,receipt,rcpt_4fea48631f65548fddf2,,ca_fec9215e,internal_transfer,,,,4fea48631f65548fddf2add5888823ebdff90f88631067448f0be56581713092b0cf1e190d31323c3585aa63f4a490dfbd2d0172c4c518947402a22064343852,65c26860bb8a6a291ae9dcc62fbc272d78bda2857fa4d48f42a0ebbe1676d61229a294f013fc24e0b182e782c5439e057c84fa8b972c5c861b8cdbd757447734
1790135367147,receipt,rcpt_f24c9e87c33ea95bedcb,,ca_fec9215e,internal_transfer,,,,f24c9e87c33ea95bedcb08074d0ed3c31e86275a9139c25f423c4faf652d9402561e57670f32ed29d47fe015f1a240acb914dcb0bf400397a4528198ae1f3447,4fea48631f65548fddf2add5888823ebdff90f88631067448f0be56581713092b0cf1e190d31323c3585aa63f4a490dfbd2d0172c4c518947402a22064343852
1790135367176,receipt,rcpt_4aa356c2920c036c6a5e,,ca_fec9215e,internal_transfer,,,,4aa356c2920c036c6a5ee3f4bef60f4148efedf4df81d8109692a41d09e0bfd758ab22fdf50048b0cd5181a92feba54ce964d494644e3d3b698690b0aa1d2741,f24c9e87c33ea95bedcb08074d0ed3c31e86275a9139c25f423c4faf652d9402561e57670f32ed29d47fe015f1a240acb914dcb0bf400397a4528198ae1f3447
1790135367215,receipt,rcpt_bca03f456e164fad9318,,ca_fec9215e,internal_transfer,,,,bca03f456e164fad9318f026713a60c19126655cedf746d7864b33bd8194c1cbebdadb24e708d3ba31e7d4aafc3d52c254e57391bf2ad8f3d4fb7291e3aba058,4aa356c2920c036c6a5ee3f4bef60f4148efedf4df81d8109692a41d09e0bfd758ab22fdf50048b0cd5181a92feba54ce964d494644e3d3b698690b0aa1d2741
1790135367242,receipt,rcpt_2b242f077203503d4225,,ca_fec9215e,internal_transfer,,,,2b242f077203503d4225e4297e82441a0d9f8923188d374f5e8cbcce37052c7876f2ebb003bfb984d94a6de85fcfc4af8eab18b609d2ce5a533686502003eb4c,bca03f456e164fad9318f026713a60c19126655cedf746d7864b33bd8194c1cbebdadb24e708d3ba31e7d4aafc3d52c254e57391bf2ad8f3d4fb7291e3aba058
1790135367267,receipt,rcpt_3b131d6b591dbcd6206d,,ca_fec9215e,internal_transfer,,,,3b131d6b591dbcd6206dec20347a1aba644344c73ef03a315052ddc1ce0839875b76f8259480f460b6b84acec2e1390d26e5976a3c5c7ca90f3eef77b2874b8a,2b242f077203503d4225e4297e82441a0d9f8923188d374f5e8cbcce37052c7876f2ebb003bfb984d94a6de85fcfc4af8eab18b609d2ce5a533686502003eb4c
1790135367298,receipt,rcpt_82562b0d8e2d60c075b0,,ca_fec9215e,internal_transfer,,,,82562b0d8e2d60c075b0b5b21c31e803156b0962ae983015f2c027487c1c141ad4db0ce6c465dc1bca4c9c22bda1439958078bec97b14a78cdb46f667965f3cb,3b131d6b591dbcd6206dec20347a1aba644344c73ef03a315052ddc1ce0839875b76f8259480f460b6b84acec2e1390d26e5976a3c5c7ca90f3eef77b2874b8a
1790135367329,receipt,rcpt_9a40bce5bf88a22a76be,,ca_fec9215e,internal_transfer,,,,9a40bce5bf88a22a76be3ed656a6b7eac631c58df2660cdf7ca7d260cc9f983308011acaadac5de27a34c11f07b604136a888b2ad0184daf42610280e7387f77,82562b0d8e2d60c075b0b5b21c31e803156b0962ae983015f2c027487c1c141ad4db0ce6c465dc1bca4c9c22bda1439958078bec97b14a78cdb46f667965f3cb
1790135367367,receipt,rcpt_3a97ec9c8bce58353110,,ca_fec9215e,internal_transfer,,,,3a97ec9c8bce58353110c459fa53eb0aa48e17e4e4e18c452dd858920e7a9ae00b02f1cec2afb531e9df5d2ef4d21a7ce809a81f0522a43021946bca66272dc6,9a40bce5bf88a22a76be3ed656a6b7eac631c58df2660cdf7ca7d260cc9f983308011acaadac5de27a34c11f07b604136a888b2ad0184daf42610280e7387f77
1790135367394,receipt,rcpt_48384622f91c46bc144a,,ca_fec9215e,internal_transfer,,,,48384622f91c46bc144a116a811a73c4cf13fd6c35955cc5fefe5fd5ba97584247f0bbd3af2f5d8d7163e24f61e2b2bad292cd92b7cef370112d6e12fcb2a055,3a97ec9c8bce58353110c459fa53eb0aa48e17e4e4e18c452dd858920e7a9ae00b02f1cec2afb531e9df5d2ef4d21a7ce809a81f0522a43021946bca66272dc6
1790135367422,receipt,rcpt_facb0bd8bfd31228456d,,ca_fec9215e,internal_transfer,,,,facb0bd8bfd31228456d87fef50271d26775e756d94b72af6376a5967581886a80582fe1d65ee73b5a9328e3aa0d7876560351595f355e8aa21ee9712bea2195,48384622f91c46bc144a116a811a73c4cf13fd6c35955cc5fefe5fd5ba97584247f0bbd3af2f5d8d7163e24f61e2b2bad292cd92b7cef370112d6e12fcb2a055
1790135367450,receipt,rcpt_d81b31bb030af64072c6,,ca_fec9215e,internal_transfer,,,,d81b31bb030af64072c6095f13e0f24e91b18de813fe5e8ac1a819b04609cc674b6ce29a58b795dc61d98572aab5d1b0f396abba1805c78bd2b6b0ed1644b70c,facb0bd8bfd31228456d87fef50271d26775e756d94b72af6376a5967581886a80582fe1d65ee73b5a9328e3aa0d7876560351595f355e8aa21ee9712bea2195
1790135367823,receipt,rcpt_e8ec1d9c6b6bf724dab9,,ca_fec9215e,internal_transfer,,,,e8ec1d9c6b6bf724dab9983256a5d9391c636644899098ff77a871ef66e798df3e30173a817effff36d6cf1ae87778ca243ad4fac5b4406c78b9dae098ca74ae,d81b31bb030af64072c6095f13e0f24e91b18de813fe5e8ac1a819b04609cc674b6ce29a58b795dc61d98572aab5d1b0f396abba1805c78bd2b6b0ed1644b70c
1790135367849,receipt,rcpt_54ef52785a7a304899b5,,ca_fec9215e,internal_transfer,,,,54ef52785a7a304899b5287780286caa8ed8e7d838284fa66293a867c0a2a0018ba123c8b5679d240ef2ec93feae9533f10bfd5fc3de3a4f7a76fa3a53d3ade4,e8ec1d9c6b6bf724dab9983256a5d9391c636644899098ff77a871ef66e798df3e30173a817effff36d6cf1ae87778ca243ad4fac5b4406c78b9dae098ca74ae
1790135367888,receipt,rcpt_5ed3238ee3d1a3bbcd8b,,ca_fec9215e,internal_transfer,,,,5ed3238ee3d1a3bbcd8b3917b693b2f3f0c8741d136c4c8bfbcaed23fe67e6c6d4723ec2d9a92c272e36d8f16c5c3dac355b8fd44709573d7a6c588310b4f701,54ef52785a7a304899b5287780286caa8ed8e7d838284fa66293a867c0a2a0018ba123c8b5679d240ef2ec93feae9533f10bfd5fc3de3a4f7a76fa3a53d3ade4
1790135367915,receipt,rcpt_644035fb091c5c36dcc0,,ca_fec9215e,internal_transfer,,,,644035fb091c5c36dcc050f3c65245458e68a6b6bebc190268ea4983178f258910e0f7702b64d13ab43c12d025744d87350a102897b3bce792a7346fa55ae95e,5ed3238ee3d1a3bbcd8b3917b693b2f3f0c8741d136c4c8bfbcaed23fe67e6c6d4723ec2d9a92c272e36d8f16c5c3dac355b8fd44709573d7a6c588310b4f701
1790135367955,receipt,rcpt_f4e17cec5d72f867518f,,ca_fec9215e,internal_transfer,,,,f4e17cec5d72f867518f144224ef1c11b14782c5dbae39cd56fd675aa67d7f9ee0f050ae8935a0a7066e18eeba09efbf44c86903ce6673bc99880aa44bf9fbab,644035fb091c5c36dcc050f3c65245458e68a6b6bebc190268ea4983178f258910e0f7702b64d13ab43c12d025744d87350a102897b3bce792a7346fa55ae95e
1790135367988,receipt,rcpt_79b8361995f049c98d1e,,ca_fec9215e,internal_transfer,,,,79b8361995f049c98d1e03fae1ec5137f2944c13651fdefe8296286be3f19685f46d22ae5b164764bb3fa772e24b7e994f53680aeacf89b59f8c8885ad78464b,f4e17cec5d72f867518f144224ef1c11b14782c5dbae39cd56fd675aa67d7f9ee0f050ae8935a0a7066e18eeba09efbf44c86903ce6673bc99880aa44bf9fbab
1790135368008,receipt,rcpt_5ce33555cf419f26ec06,,ca_fec9215e,internal_transfer,,,,5ce33555cf419f26ec06ec7119f68a6a88adb48338ce49fcdd44acf529fe97c31ccb6c2ae36031712ee4deccd27d52067f5c4b4849b7d77732f7ec64967fc09a,79b8361995f049c98d1e03fae1ec5137f2944c13651fdefe8296286be3f19685f46d22ae5b164764bb3fa772e24b7e994f53680aeacf89b59f8c8885ad78464b
1790135368046,receipt,rcpt_d8f655ce82840d94f540,,ca_fec9215e,internal_transfer,,,,d8f655ce82840d94f540c62ce0801182c5be452fca951ab618d23513c663d179b403b2d5970f6b545c42043ee0009a0b6eeae75d29d72c5ce80390d390bb78bf,5ce33555cf419f26ec06ec7119f68a6a88adb48338ce49fcdd44acf529fe97c31ccb6c2ae36031712ee4deccd27d52067f5c4b4849b7d77732f7ec64967fc09a
1790135368086,receipt,rcpt_9cea9ba881cbb1313db4,,ca_fec9215e,internal_transfer,,,,9cea9ba881cbb1313db4263819d0d45a9c35ceea895b07269c1f93068ce00cd40bce00fabeebbe94057d50471048da6be615cd026b50abe68e6e5dcaf3b6fce7,d8f655ce82840d94f540c62ce0801182c5be452fca951ab618d23513c663d179b403b2d5970f6b545c42043ee0009a0b6eeae75d29d72c5ce80390d390bb78bf
1790135368129,receipt,rcpt_3259f694308fea7b12ad,,ca_fec9215e,internal_transfer,,,,3259f694308fea7b12ad0151b62c9c87db2a7a4c9516308839ae3aeffb0b753122faf3af7143f3b5302db57be2e6fe022708e56f04d620304b0494e1d5530543,9cea9ba881cbb1313db4263819d0d45a9c35ceea895b07269c1f93068ce00cd40bce00fabeebbe94057d50471048da6be615cd026b50abe68e6e5dcaf3b6fce7
1790135368168,receipt,rcpt_db79af1a4b355acef8c3,,ca_fec9215e,internal_transfer,,,,db79af1a4b355acef8c37b2552694bfd0f25539a989c5310eacd1ce0dc8e3a55255b7c5076dd90eee00f9ca42cc309ffe2d38bffa3701850a30bbbf317af2068,3259f694308fea7b12ad0151b62c9c87db2a7a4c9516308839ae3aeffb0b753122faf3af7143f3b5302db57be2e6fe022708e56f04d620304b0494e1d5530543
1790135368195,receipt,rcpt_be90f7d358b848ab8adf,,ca_fec9215e,internal_transfer,,,,be90f7d358b848ab8adfc56827ed281a84b57f09e170dea1d5dd7502bd198818feed9d8f16727dbba6764dd635e7582d9d9feea3f5d1386c7a2b51d57116b62b,db79af1a4b355acef8c37b2552694bfd0f25539a989c5310eacd1ce0dc8e3a55255b7c5076dd90eee00f9ca42cc309ffe2d38bffa3701850a30bbbf317af2068
1790135368234,receipt,rcpt_307574a8a3bc365e06de,,ca_fec9215e,internal_transfer,,,,307574a8a3bc365e06de45a8fd61c5844bca836f90c7194115009bc3c24a01dc37f39af93a60ff291e1863df1d399e2852bec51b3cb8e622fa9b34dbcfc752e3,be90f7d358b848ab8adfc56827ed281a84b57f09e170dea1d5dd7502bd198818feed9d8f16727dbba6764dd635e7582d9d9feea3f5d1386c7a2b51d57116b62b
1790135368261,receipt,rcpt_3af9b289709709033f22,,ca_fec9215e,internal_transfer,,,,3af9b289709709033f220db27a0285d6255c12ce0c5f20686fa2b4c7a82cb646b83ee740b489684fddd91426738e4c258f50f928c359ba09c73a2ab61b4f6752,307574a8a3bc365e06de45a8fd61c5844bca836f90c7194115009bc3c24a01dc37f39af93a60ff291e1863df1d399e2852bec51b3cb8e622fa9b34dbcfc752e3
1790135368298,receipt,rcpt_ed9332ea0f419a27ee22,,ca_fec9215e,internal_transfer,,,,ed9332ea0f419a27ee22695b0c953b26dbc829b031743f5b968857dba4ccfed873cd3e0c2685756f7aeca59c84f89807e9358cbc1681efabf3aff88c47b861f3,3af9b289709709033f220db27a0285d6255c12ce0c5f20686fa2b4c7a82cb646b83ee740b489684fddd91426738e4c258f50f928c359ba09c73a2ab61b4f6752
1790135368324,receipt,rcpt_fa2a15df35ba2cbd39d7,,ca_fec9215e,internal_transfer,,,,fa2a15df35ba2cbd39d7307df3f2ef9da324a3f396f43b54719ca62590a1d81be6535e4fc2af6bf4cc4a2bdbd81f23a0feee75e304c88ffae5a8b6131165478c,ed9332ea0f419a27ee22695b0c953b26dbc829b031743f5b968857dba4ccfed873cd3e0c2685756f7aeca59c84f89807e9358cbc1681efabf3aff88c47b861f3
1790135368704,receipt,rcpt_78ba26e54a4b2ceb0182,,ca_fec9215e,internal_transfer,,,,78ba26e54a4b2ceb01826c35b6e4bd5125134175027154f1c597860e9e6773e906c2d78c66a905162198ec438831ed9181fc930ece03881362380478bae06193,fa2a15df35ba2cbd39d7307df3f2ef9da324a3f396f43b54719ca62590a1d81be6535e4fc2af6bf4cc4a2bdbd81f23a0feee75e304c88ffae5a8b6131165478c
1790135368734,receipt,rcpt_fc9777084f8628fe849b,,ca_fec9215e,internal_transfer,,,,fc9777084f8628fe849bc95faf0942dc6e378e8a41370c3b4f07aa176457f2b626fdea1e6f4058b92d5a75fefa78ad8886fa5712d180c3a8f0f5a24e20c664f7,78ba26e54a4b2ceb01826c35b6e4bd5125134175027154f1c597860e9e6773e906c2d78c66a905162198ec438831ed9181fc930ece03881362380478bae06193
1790135368763,receipt,rcpt_db5d09f64221b85cf637,,ca_fec9215e,internal_transfer,,,,db5d09f64221b85cf6378d3864614275e4f38917cc1179584c856e023bdc4b3ee6f8b06e4fb7cd368be8d432c6651c7ba9ae0c5058f35e673b763a7187905a8a,fc9777084f8628fe849bc95faf0942dc6e378e8a41370c3b4f07aa176457f2b626fdea1e6f4058b92d5a75fefa78ad8886fa5712d180c3a8f0f5a24e20c664f7
1790135368803,receipt,rcpt_93f6bfdf90af364bbbe0,,ca_fec9215e,internal_transfer,,,,93f6bfdf90af364bbbe05da7382c030075797b299ad1aa7303d51022dc42f6252051ea85a8d3c957c07cd59ba7623b4471a0ebac41e7d6290f9c4c320ca51227,db5d09f64221b85cf6378d3864614275e4f38917cc1179584c856e023bdc4b3ee6f8b06e4fb7cd368be8d432c6651c7ba9ae0c5058f35e673b763a7187905a8a
1790135368831,receipt,rcpt_0d079a2e32d224e73493,,ca_fec9215e,internal_transfer,,,,0d079a2e32d224e73493b31627f88a4e906d67910d410141cfba10dfbbb5f3b7952c561b1a25e4886b49c2a8500deb71b4ae97690e96dd1114a38295340f1771,93f6bfdf90af364bbbe05da7382c030075797b299ad1aa7303d51022dc42f6252051ea85a8d3c957c07cd59ba7623b4471a0ebac41e7d6290f9c4c320ca51227
1790135368871,receipt,rcpt_a65857092a212b348850,,ca_fec9215e,internal_transfer,,,,a65857092a212b348850c0ef6cd9507dc4b44315610579bf42b24d599f2557bc232f8603ec508c24af4366ce4f295d53b166a104def09631ad9d5aeb6272cd7f,0d079a2e32d224e73493b31627f88a4e906d67910d410141cfba10dfbbb5f3b7952c561b1a25e4886b49c2a8500deb71b4ae97690e96dd1114a38295340f1771
1790135368911,receipt,rcpt_d5b9d36060e925f4681d,,ca_fec9215e,internal_transfer,,,,d5b9d36060e925f4681dec61cdef07ee3cf3298cc6f734d7c2bdc04a7ae68e1be45f93e74ecddf5f27d8480fc98b4645d0c1c290d343d01b2ae5c5c9cfa71092,a65857092a212b348850c0ef6cd9507dc4b44315610579bf42b24d599f2557bc232f8603ec508c24af4366ce4f295d53b166a104def09631ad9d5aeb6272cd7f
1790135369003,receipt,rcpt_ee217552c8672a6233bf,,ca_fec9215e,internal_transfer,,,,ee217552c8672a6233bff31cf981ef6a4056e714b77adae1701134997bb69270cb5f6b63e1b78145bedec73a962f84e506a8c5e756bda0754e99f49c0cc01a21,d5b9d36060e925f4681dec61cdef07ee3cf3298cc6f734d7c2bdc04a7ae68e1be45f93e74ecddf5f27d8480fc98b4645d0c1c290d343d01b2ae5c5c9cfa71092
1790135369032,receipt,rcpt_ff3b818a4b833517410d,,ca_fec9215e,internal_transfer,,,,ff3b818a4b833517410dd55a5b639defb57335024a46937984cec8f93955a75a502bd909cc4e943fbffb6899a7560f31ec05eff247165186a8e19c3e5b00819e,ee217552c8672a6233bff31cf981ef6a4056e714b77adae1701134997bb69270cb5f6b63e1b78145bedec73a962f84e506a8c5e756bda0754e99f49c0cc01a21
1790135369061,receipt,rcpt_1062680db11b5f3f0f7e,,ca_fec9215e,internal_transfer,,,,1062680db11b5f3f0f7ea8824bfe83b1ab3c059d8a40c75cab9f6c1f78b105059180ed99954aec1accb296badb706bf7e4bd24e37aca202ac9dd133b08708eb2,ff3b818a4b833517410dd55a5b639defb57335024a46937984cec8f93955a75a502bd909cc4e943fbffb6899a7560f31ec05eff247165186a8e19c3e5b00819e
1790135369101,receipt,rcpt_4d7fb90b139b0696ed7a,,ca_fec9215e,internal_transfer,,,,4d7fb90b139b0696ed7af13b0442b58905e6b51a9ed9dcda01ed38c7e2901f5ce0279142b44d6b38a02375759c168da4deb331e065394821b7f21591ae84ff90,1062680db11b5f3f0f7ea8824bfe83b1ab3c059d8a40c75cab9f6c1f78b105059180ed99954aec1accb296badb706bf7e4bd24e37aca202ac9dd133b08708eb2
1790135374075,receipt,rcpt_02e68463792eeb20f174,,wdtest_7c9bcf65,vault_credit,,,,02e68463792eeb20f174a8361ed831103e0beb38da3624b4eb6f9fc2c707ed5a057c6dd97167a023450a9337b9ac8b980bea48a951748ad28e164e7204ab5c84,4d7fb90b139b0696ed7af13b0442b58905e6b51a9ed9dcda01ed38c7e2901f5ce0279142b44d6b38a02375759c168da4deb331e065394821b7f21591ae84ff90
1790135374735,receipt,rcpt_c8318d7bbc6327d75808,,wdtest_7c9bcf65,withdrawal_reserved,,,,c8318d7bbc6327d75808f91d533a093119ad1f8acabddfba782c1633bef2cc0f321b06c20d4202bd8f15e8d0d90953d5a04fc1c5d4cad4099ac6b77199d21f18,02e68463792eeb20f174a8361ed831103e0beb38da3624b4eb6f9fc2c707ed5a057c6dd97167a023450a9337b9ac8b980bea48a951748ad28e164e7204ab5c84
1790135375285,receipt,rcpt_d03f736228b5b4ad61bd,,wdtest_7c9bcf65,withdrawal_cancelled,,,,d03f736228b5b4ad61bdbe8154a34b624bf5493685e239e0f111a7ec503cd93af5135dd1cb121a6b87132c8730945e9d519c1ba48118a73300e0fb55de7b922a,c8318d7bbc6327d75808f91d533a093119ad1f8acabddfba782c1633bef2cc0f321b06c20d4202bd8f15e8d0d90953d5a04fc1c5d4cad4099ac6b77199d21f18
1790135399072,receipt,rcpt_f27e193b43b40336c7b7,,alice,vault_credit,,,,f27e193b43b40336c7b7818ecc2977d6fe51c0b554ae55cc76b73c3a38258f15cdd8b43a90e86ca77946bc7e3445a20959fac5ba856076b26cfc47a7f333a7c7,d03f736228b5b4ad61bdbe8154a34b624bf5493685e239e0f111a7ec503cd93af5135dd1cb121a6b87132c8730945e9d519c1ba48118a73300e0fb55de7b922a
1790135399551,receipt,rcpt_be33651d230d3953704c,,alice,internal_transfer,,,,be33651d230d3953704c16e6db748cb45f4ec1059b52c3647466f882ae4ac07d372feb3cf2bed77b79b6648cd8ecdcca6e4abecc6efd3d40ddee39e430c80655,f27e193b43b40336c7b7818ecc2977d6fe51c0b554ae55cc76b73c3a38258f15cdd8b43a90e86ca77946bc7e3445a20959fac5ba856076b26cfc47a7f333a7c7
1790135400199,receipt,rcpt_a309184de80dda60df4f,,alice,internal_transfer,,,,a309184de80dda60df4fce545ebe7f6005354aab2ea43d28f2909e0d2c7b62b22732f5268e62b8d1ba28ecd50978c16e921c8a6ef7218d5360f997f60daf130b,be33651d230d3953704c16e6db748cb45f4ec1059b52c3647466f882ae4ac07d372feb3cf2bed77b79b6648cd8ecdcca6e4abecc6efd3d40ddee39e430c80655
1790135400218,market_trade,mkt_1cacffd7ceb5:trade:0,mkt_1cacffd7ceb5,alice,YES,20.2,USDC,,,
1790135400252,receipt,rcpt_dd40a21b1d777fb20fdc,,alice,position_transfer,,,,dd40a21b1d777fb20fdc27d1d650700c0fe489e4d266de38944caad0371c992e8de0981c2d543b1979e2437baabd6d725ee98706c02b5d4bea8587a74880e9e5,a309184de80dda60df4fce545ebe7f6005354aab2ea43d28f2909e0d2c7b62b22732f5268e62b8d1ba28ecd50978c16e921c8a6ef7218d5360f997f60daf130b
1790135400303,receipt,rcpt_4b7c50c8d12af7e27970,,stocklana:market:mkt_1cacffd7ceb5:escrow,internal_transfer,,,,4b7c50c8d12af7e279702a9334ef45c4c257efb394fbf3ee056b834821f97738f314d7407efa4d5f8bb81c34df7445491971514ea63223c9f159535aedd8d9d7,dd40a21b1d777fb20fdc27d1d650700c0fe489e4d266de38944caad0371c992e8de0981c2d543b1979e2437baabd6d725ee98706c02b5d4bea8587a74880e9e5
